listing_link,base_urls,listing_title,principalSubdivision,localityName_unresolved,latitude,longitude,map_link
https://www.airbnb.com/rooms/636562610229698749?adults=1&children=0&enable_m3_private_room=true&infants=0&pets=0&search_mode=regular_search&check_in=2024-06-13&check_out=2024-06-18&source_impression_id=p3_1718221288_P3LvhvYtcC9Sxwcc&previous_page_section_name=1000&federated_search_id=9e6d271e-bdc4-4057-98cd-7da972aa2369,https://www.airbnb.com/rooms/636562610229698749,Boutique Hotel In Kuakata ,Barisal Division,Kalapara,21.8158,90.1254,"https://www.google.com/maps?q=21.8158,90.1254"
https://www.airbnb.com/rooms/1038694988487697554?adults=1&category_tag=Tag%3A8678&children=0&enable_m3_private_room=true&infants=0&pets=0&photo_id=1793976396&search_mode=regular_search&check_in=2024-06-13&check_out=2024-06-18&source_impression_id=p3_1718221288_P3XRf0PRIfRdulu0&previous_page_section_name=1000&federated_search_id=9e6d271e-bdc4-4057-98cd-7da972aa2369,https://www.airbnb.com/rooms/1038694988487697554,Home In Bagerhat ,Khulna Division,Bagerhat,22.6552,89.778,"https://www.google.com/maps?q=22.6552,89.778"
https://www.airbnb.com/rooms/51229698?adults=1&children=0&enable_m3_private_room=true&infants=0&pets=0&search_mode=regular_search&check_in=2024-06-13&check_out=2024-06-18&source_impression_id=p3_1718221288_P3lQun5SJhSWJOX9&previous_page_section_name=1000&federated_search_id=9e6d271e-bdc4-4057-98cd-7da972aa2369,https://www.airbnb.com/rooms/51229698,Villa In Fakirhat ,Khulna Division,Fakirhat,22.77792,89.70845,"https://www.google.com/maps?q=22.77792,89.70845"
https://www.airbnb.com/rooms/646727141805020398?adults=1&children=0&enable_m3_private_room=true&infants=0&pets=0&search_mode=regular_search&check_in=2024-06-13&check_out=2024-06-18&source_impression_id=p3_1718221289_P3kak5Kov7NpzXoD&previous_page_section_name=1000&federated_search_id=b602c5ad-ac6a-4064-97d9-38884de6f1cd,https://www.airbnb.com/rooms/646727141805020398,Boutique Hotel In Kuakata ,Barisal Division,Kalapara,21.8156,90.1385,"https://www.google.com/maps?q=21.8156,90.1385"
https://www.airbnb.com/rooms/817980115272663006?adults=1&children=0&enable_m3_private_room=true&infants=0&pets=0&search_mode=regular_search&check_in=2024-06-13&check_out=2024-06-18&source_impression_id=p3_1718221290_P3Z3C_V_CYhNXB0X&previous_page_section_name=1000&federated_search_id=b602c5ad-ac6a-4064-97d9-38884de6f1cd,https://www.airbnb.com/rooms/817980115272663006,Rental Unit In Barisal ,Barisal Division,Barishal,22.70203,90.3752,"https://www.google.com/maps?q=22.70203,90.3752"
https://www.airbnb.com/rooms/790532793741346287?adults=1&category_tag=Tag%3A8678&children=0&enable_m3_private_room=true&infants=0&pets=0&photo_id=1553133611&search_mode=regular_search&check_in=2024-06-13&check_out=2024-06-18&source_impression_id=p3_1718221290_P30GK9i31fUwftbE&previous_page_section_name=1000&federated_search_id=b602c5ad-ac6a-4064-97d9-38884de6f1cd,https://www.airbnb.com/rooms/790532793741346287,Rental Unit In Lakshmipur District ,Chittagong,Kamalnagar Upazila,22.7364,90.8685,"https://www.google.com/maps?q=22.7364,90.8685"
https://www.airbnb.com/rooms/773906013370230186?adults=1&category_tag=Tag%3A8678&children=0&enable_m3_private_room=true&infants=0&pets=0&photo_id=1539154376&search_mode=regular_search&check_in=2024-06-13&check_out=2024-06-18&source_impression_id=p3_1718221290_P34r5SYweGr2wIJv&previous_page_section_name=1000&federated_search_id=b602c5ad-ac6a-4064-97d9-38884de6f1cd,https://www.airbnb.com/rooms/773906013370230186,Rental Unit In Barisal ,Barisal Division,Barishal,22.69662,90.36086,"https://www.google.com/maps?q=22.69662,90.36086"
https://www.airbnb.com/rooms/733772959582894108?adults=1&category_tag=Tag%3A8678&children=0&enable_m3_private_room=true&infants=0&pets=0&photo_id=1505552656&search_mode=regular_search&check_in=2024-06-13&check_out=2024-06-20&source_impression_id=p3_1718221290_P3CUE-luaDDnQWzt&previous_page_section_name=1000&federated_search_id=b602c5ad-ac6a-4064-97d9-38884de6f1cd,https://www.airbnb.com/rooms/733772959582894108,Rental Unit In Barisal ,Barisal Division,Barishal,22.6958,90.3614,"https://www.google.com/maps?q=22.6958,90.3614"
https://www.airbnb.com/rooms/663004287409337202?adults=1&children=0&enable_m3_private_room=true&infants=0&pets=0&search_mode=regular_search&check_in=2024-06-13&check_out=2024-06-18&source_impression_id=p3_1718221290_P3B8lY3EQ6iulg82&previous_page_section_name=1000&federated_search_id=b602c5ad-ac6a-4064-97d9-38884de6f1cd,https://www.airbnb.com/rooms/663004287409337202,Boutique Hotel In Kuakata ,Barisal Division,Kalapara,21.8151,90.122,"https://www.google.com/maps?q=21.8151,90.122"
https://www.airbnb.com/rooms/636567375873401024?adults=1&children=0&enable_m3_private_room=true&infants=0&pets=0&search_mode=regular_search&check_in=2024-06-13&check_out=2024-06-18&source_impression_id=p3_1718221290_P370-zTnIkotTZzf&previous_page_section_name=1000&federated_search_id=b602c5ad-ac6a-4064-97d9-38884de6f1cd,https://www.airbnb.com/rooms/636567375873401024,Boutique Hotel In Kuakata ,Barisal Division,Kalapara,21.8165,90.1329,"https://www.google.com/maps?q=21.8165,90.1329"
https://www.airbnb.com/rooms/646727034315372533?adults=1&children=0&enable_m3_private_room=true&infants=0&pets=0&search_mode=regular_search&check_in=2024-06-13&check_out=2024-06-18&source_impression_id=p3_1718221290_P3kUH38ZQezf15m7&previous_page_section_name=1000&federated_search_id=b602c5ad-ac6a-4064-97d9-38884de6f1cd,https://www.airbnb.com/rooms/646727034315372533,Boutique Hotel In Kuakata ,Barisal Division,Kalapara,21.8156,90.1385,"https://www.google.com/maps?q=21.8156,90.1385"
https://www.airbnb.com/rooms/854104320006970758?adults=1&category_tag=Tag%3A8678&children=0&enable_m3_private_room=true&infants=0&pets=0&photo_id=1613173130&search_mode=regular_search&check_in=2024-06-13&check_out=2024-06-18&source_impression_id=p3_1718221290_P3hRrjuHXdpWAAHv&previous_page_section_name=1000&federated_search_id=b602c5ad-ac6a-4064-97d9-38884de6f1cd,https://www.airbnb.com/rooms/854104320006970758,Home In Bagerhat ,Khulna Division,Bagerhat,22.67112,89.74728,"https://www.google.com/maps?q=22.67112,89.74728"
https://www.airbnb.com/rooms/647661407016778904?adults=1&children=0&enable_m3_private_room=true&infants=0&pets=0&search_mode=regular_search&check_in=2024-06-13&check_out=2024-06-18&source_impression_id=p3_1718221290_P3tYjAYv9LoJA0nY&previous_page_section_name=1000&federated_search_id=b602c5ad-ac6a-4064-97d9-38884de6f1cd,https://www.airbnb.com/rooms/647661407016778904,Boutique Hotel In Patuakhali ,Barisal Division,Kalapara,21.8154,90.1379,"https://www.google.com/maps?q=21.8154,90.1379"
https://www.airbnb.com/rooms/636510683590819371?adults=1&children=0&enable_m3_private_room=true&infants=0&pets=0&search_mode=regular_search&check_in=2024-06-13&check_out=2024-06-18&source_impression_id=p3_1718221290_P39u7W_-mg4QUK9q&previous_page_section_name=1000&federated_search_id=b602c5ad-ac6a-4064-97d9-38884de6f1cd,https://www.airbnb.com/rooms/636510683590819371,Boutique Hotel In Kuakata ,Barisal Division,Kalapara,21.8159,90.1253,"https://www.google.com/maps?q=21.8159,90.1253"
https://www.airbnb.com/rooms/636521912181177800?adults=1&children=0&enable_m3_private_room=true&infants=0&pets=0&search_mode=regular_search&check_in=2024-06-13&check_out=2024-06-18&source_impression_id=p3_1718221290_P3n--z2kgSPbCZND&previous_page_section_name=1000&federated_search_id=b602c5ad-ac6a-4064-97d9-38884de6f1cd,https://www.airbnb.com/rooms/636521912181177800,Boutique Hotel In Kuakata ,Barisal Division,Kalapara,21.8158,90.1254,"https://www.google.com/maps?q=21.8158,90.1254"
https://www.airbnb.com/rooms/636513892825733200?adults=1&children=0&enable_m3_private_room=true&infants=0&pets=0&search_mode=regular_search&check_in=2024-06-13&check_out=2024-06-18&source_impression_id=p3_1718221290_P3iXutDcXfuDBcIU&previous_page_section_name=1000&federated_search_id=b602c5ad-ac6a-4064-97d9-38884de6f1cd,https://www.airbnb.com/rooms/636513892825733200,Boutique Hotel In Kuakata ,Barisal Division,Kalapara,21.8159,90.1254,"https://www.google.com/maps?q=21.8159,90.1254"
https://www.airbnb.com/rooms/663021750315161768?adults=1&children=0&enable_m3_private_room=true&infants=0&pets=0&search_mode=regular_search&check_in=2024-06-13&check_out=2024-06-18&source_impression_id=p3_1718221290_P3L7-yk4G1HBNE2e&previous_page_section_name=1000&federated_search_id=b602c5ad-ac6a-4064-97d9-38884de6f1cd,https://www.airbnb.com/rooms/663021750315161768,Boutique Hotel In Barisal Division ,Barisal Division,Kalapara,21.8167,90.1238,"https://www.google.com/maps?q=21.8167,90.1238"
https://www.airbnb.com/rooms/647702799647528151?adults=1&children=0&enable_m3_private_room=true&infants=0&pets=0&search_mode=regular_search&check_in=2024-06-13&check_out=2024-06-18&source_impression_id=p3_1718221290_P35Jccf1bVfawmjX&previous_page_section_name=1000&federated_search_id=b602c5ad-ac6a-4064-97d9-38884de6f1cd,https://www.airbnb.com/rooms/647702799647528151,Boutique Hotel In Patuakhali ,Barisal Division,Kalapara,21.8156,90.138,"https://www.google.com/maps?q=21.8156,90.138"
https://www.airbnb.com/rooms/663036023259551092?adults=1&children=0&enable_m3_private_room=true&infants=0&pets=0&search_mode=regular_search&check_in=2024-06-13&check_out=2024-06-18&source_impression_id=p3_1718221290_P3vif2RaNXmd5B2C&previous_page_section_name=1000&federated_search_id=b602c5ad-ac6a-4064-97d9-38884de6f1cd,https://www.airbnb.com/rooms/663036023259551092,Boutique Hotel In Barisal Division ,Barisal Division,Kalapara,21.8168,90.1238,"https://www.google.com/maps?q=21.8168,90.1238"
https://www.airbnb.com/rooms/637964889839166666?adults=1&children=0&enable_m3_private_room=true&infants=0&pets=0&search_mode=regular_search&check_in=2024-06-13&check_out=2024-06-18&source_impression_id=p3_1718221290_P3TZ38s5V_cQQ5Y5&previous_page_section_name=1000&federated_search_id=b602c5ad-ac6a-4064-97d9-38884de6f1cd,https://www.airbnb.com/rooms/637964889839166666,Boutique Hotel In লতাচাপলী ,Barisal Division,Kalapara,21.8187,90.121,"https://www.google.com/maps?q=21.8187,90.121"
https://www.airbnb.com/rooms/43391797?adults=1&children=0&enable_m3_private_room=true&infants=0&pets=0&search_mode=regular_search&check_in=2024-06-13&check_out=2024-06-18&source_impression_id=p3_1718221292_P3IQ5aLVPvQEuQbm&previous_page_section_name=1000&federated_search_id=fd9c7239-80f1-4ad8-b8dc-c07d58bb2118,https://www.airbnb.com/rooms/43391797,Resort In Kuakata ,Barisal Division,Kalapara,21.82626,90.10754,"https://www.google.com/maps?q=21.82626,90.10754"
https://www.airbnb.com/rooms/663017541545565849?adults=1&children=0&enable_m3_private_room=true&infants=0&pets=0&search_mode=regular_search&check_in=2024-06-13&check_out=2024-06-18&source_impression_id=p3_1718221292_P3udeCodqrHfvKQy&previous_page_section_name=1000&federated_search_id=fd9c7239-80f1-4ad8-b8dc-c07d58bb2118,https://www.airbnb.com/rooms/663017541545565849,Boutique Hotel In Barisal Division ,Barisal Division,Kalapara,21.8169,90.1236,"https://www.google.com/maps?q=21.8169,90.1236"
https://www.airbnb.com/rooms/647684070585156265?adults=1&children=0&enable_m3_private_room=true&infants=0&pets=0&search_mode=regular_search&check_in=2024-06-13&check_out=2024-06-18&source_impression_id=p3_1718221292_P31JUu-QVCbITcXD&previous_page_section_name=1000&federated_search_id=fd9c7239-80f1-4ad8-b8dc-c07d58bb2118,https://www.airbnb.com/rooms/647684070585156265,Boutique Hotel In Patuakhali ,Barisal Division,Kalapara,21.8155,90.1382,"https://www.google.com/maps?q=21.8155,90.1382"
https://www.airbnb.com/rooms/647670046577568427?adults=1&children=0&enable_m3_private_room=true&infants=0&pets=0&search_mode=regular_search&check_in=2024-06-13&check_out=2024-06-18&source_impression_id=p3_1718221292_P36nWDYSL0p7Itqi&previous_page_section_name=1000&federated_search_id=fd9c7239-80f1-4ad8-b8dc-c07d58bb2118,https://www.airbnb.com/rooms/647670046577568427,Boutique Hotel In Patuakhali ,Barisal Division,Kalapara,21.8155,90.138,"https://www.google.com/maps?q=21.8155,90.138"
https://www.airbnb.com/rooms/647654879943153619?adults=1&children=0&enable_m3_private_room=true&infants=0&pets=0&search_mode=regular_search&check_in=2024-06-13&check_out=2024-06-18&source_impression_id=p3_1718221292_P3acOBkBKOni6cqx&previous_page_section_name=1000&federated_search_id=fd9c7239-80f1-4ad8-b8dc-c07d58bb2118,https://www.airbnb.com/rooms/647654879943153619,Boutique Hotel In Patuakhali ,Barisal Division,Kalapara,21.8154,90.1376,"https://www.google.com/maps?q=21.8154,90.1376"
https://www.airbnb.com/rooms/647664014968761260?adults=1&children=0&enable_m3_private_room=true&infants=0&pets=0&search_mode=regular_search&check_in=2024-06-13&check_out=2024-06-18&source_impression_id=p3_1718221292_P3mhWVKxAS8sifZC&previous_page_section_name=1000&federated_search_id=fd9c7239-80f1-4ad8-b8dc-c07d58bb2118,https://www.airbnb.com/rooms/647664014968761260,Boutique Hotel In Patuakhali ,Barisal Division,Kalapara,21.8156,90.1381,"https://www.google.com/maps?q=21.8156,90.1381"
https://www.airbnb.com/rooms/647673782538680311?adults=1&children=0&enable_m3_private_room=true&infants=0&pets=0&search_mode=regular_search&check_in=2024-06-13&check_out=2024-06-18&source_impression_id=p3_1718221292_P3sDxktddap6uglF&previous_page_section_name=1000&federated_search_id=fd9c7239-80f1-4ad8-b8dc-c07d58bb2118,https://www.airbnb.com/rooms/647673782538680311,Boutique Hotel In Patuakhali ,Barisal Division,Kalapara,21.8156,90.1377,"https://www.google.com/maps?q=21.8156,90.1377"
https://www.airbnb.com/rooms/647676254525607072?adults=1&children=0&enable_m3_private_room=true&infants=0&pets=0&search_mode=regular_search&check_in=2024-06-13&check_out=2024-06-18&source_impression_id=p3_1718221292_P3IuComH3Vb38vtf&previous_page_section_name=1000&federated_search_id=fd9c7239-80f1-4ad8-b8dc-c07d58bb2118,https://www.airbnb.com/rooms/647676254525607072,Boutique Hotel In Patuakhali ,Barisal Division,Kalapara,21.8155,90.1378,"https://www.google.com/maps?q=21.8155,90.1378"
https://www.airbnb.com/rooms/636494585340572648?adults=1&children=0&enable_m3_private_room=true&infants=0&pets=0&search_mode=regular_search&check_in=2024-06-13&check_out=2024-06-18&source_impression_id=p3_1718221292_P3Z6JNqn5KU4BoHc&previous_page_section_name=1000&federated_search_id=fd9c7239-80f1-4ad8-b8dc-c07d58bb2118,https://www.airbnb.com/rooms/636494585340572648,Boutique Hotel In Kuakata ,Barisal Division,Kalapara,21.8159,90.1252,"https://www.google.com/maps?q=21.8159,90.1252"
https://www.airbnb.com/rooms/637968523420035101?adults=1&children=0&enable_m3_private_room=true&infants=0&pets=0&search_mode=regular_search&check_in=2024-06-13&check_out=2024-06-18&source_impression_id=p3_1718221292_P34_J_KXLazEuuv4&previous_page_section_name=1000&federated_search_id=fd9c7239-80f1-4ad8-b8dc-c07d58bb2118,https://www.airbnb.com/rooms/637968523420035101,Boutique Hotel In লতাচাপলী ,Barisal Division,Kalapara,21.8187,90.121,"https://www.google.com/maps?q=21.8187,90.121"
https://www.airbnb.com/rooms/647691301558370319?adults=1&children=0&enable_m3_private_room=true&infants=0&pets=0&search_mode=regular_search&check_in=2024-06-13&check_out=2024-06-18&source_impression_id=p3_1718221292_P3KwPxyZt0MmsCiz&previous_page_section_name=1000&federated_search_id=fd9c7239-80f1-4ad8-b8dc-c07d58bb2118,https://www.airbnb.com/rooms/647691301558370319,Boutique Hotel In Patuakhali ,Barisal Division,Kalapara,21.8156,90.1379,"https://www.google.com/maps?q=21.8156,90.1379"
https://www.airbnb.com/rooms/637959111045047008?adults=1&children=0&enable_m3_private_room=true&infants=0&pets=0&search_mode=regular_search&check_in=2024-06-13&check_out=2024-06-18&source_impression_id=p3_1718221292_P3ozxyAu8M22UQfn&previous_page_section_name=1000&federated_search_id=fd9c7239-80f1-4ad8-b8dc-c07d58bb2118,https://www.airbnb.com/rooms/637959111045047008,Boutique Hotel In লতাচাপলী ,Barisal Division,Kalapara,21.8187,90.121,"https://www.google.com/maps?q=21.8187,90.121"
https://www.airbnb.com/rooms/637960696986882603?adults=1&children=0&enable_m3_private_room=true&infants=0&pets=0&search_mode=regular_search&check_in=2024-06-13&check_out=2024-06-18&source_impression_id=p3_1718221292_P3T_K-SZ7fS0dSfv&previous_page_section_name=1000&federated_search_id=fd9c7239-80f1-4ad8-b8dc-c07d58bb2118,https://www.airbnb.com/rooms/637960696986882603,Boutique Hotel In লতাচাপলী ,Barisal Division,Kalapara,21.8187,90.121,"https://www.google.com/maps?q=21.8187,90.121"
https://www.airbnb.com/rooms/647694390893009326?adults=1&children=0&enable_m3_private_room=true&infants=0&pets=0&search_mode=regular_search&check_in=2024-06-13&check_out=2024-06-18&source_impression_id=p3_1718221292_P3-9vMbVxHOouHIy&previous_page_section_name=1000&federated_search_id=fd9c7239-80f1-4ad8-b8dc-c07d58bb2118,https://www.airbnb.com/rooms/647694390893009326,Boutique Hotel In Patuakhali ,Barisal Division,Kalapara,21.8153,90.1379,"https://www.google.com/maps?q=21.8153,90.1379"
https://www.airbnb.com/rooms/636550148188676215?adults=1&children=0&enable_m3_private_room=true&infants=0&pets=0&search_mode=regular_search&check_in=2024-06-13&check_out=2024-06-18&source_impression_id=p3_1718221292_P3FgLJjf2TFsusYu&previous_page_section_name=1000&federated_search_id=fd9c7239-80f1-4ad8-b8dc-c07d58bb2118,https://www.airbnb.com/rooms/636550148188676215,Boutique Hotel In Kuakata ,Barisal Division,Kalapara,21.8158,90.1253,"https://www.google.com/maps?q=21.8158,90.1253"
https://www.airbnb.com/rooms/647697114546083876?adults=1&children=0&enable_m3_private_room=true&infants=0&pets=0&search_mode=regular_search&check_in=2024-06-13&check_out=2024-06-18&source_impression_id=p3_1718221292_P3HQKthWHlkYogkp&previous_page_section_name=1000&federated_search_id=fd9c7239-80f1-4ad8-b8dc-c07d58bb2118,https://www.airbnb.com/rooms/647697114546083876,Boutique Hotel In Kuakata ,Barisal Division,Kalapara,21.8156,90.1385,"https://www.google.com/maps?q=21.8156,90.1385"
https://www.airbnb.com/rooms/637950929924254583?adults=1&children=0&enable_m3_private_room=true&infants=0&pets=0&search_mode=regular_search&check_in=2024-06-13&check_out=2024-06-18&source_impression_id=p3_1718221292_P3ABS9BXDHefNhzq&previous_page_section_name=1000&federated_search_id=fd9c7239-80f1-4ad8-b8dc-c07d58bb2118,https://www.airbnb.com/rooms/637950929924254583,Boutique Hotel In লতাচাপলী ,Barisal Division,Kalapara,21.8185,90.1211,"https://www.google.com/maps?q=21.8185,90.1211"
https://www.airbnb.com/rooms/637948858490040587?adults=1&children=0&enable_m3_private_room=true&infants=0&pets=0&search_mode=regular_search&check_in=2024-06-13&check_out=2024-06-18&source_impression_id=p3_1718221292_P3efmGf0YubenMD2&previous_page_section_name=1000&federated_search_id=fd9c7239-80f1-4ad8-b8dc-c07d58bb2118,https://www.airbnb.com/rooms/637948858490040587,Boutique Hotel In লতাচাপলী ,Barisal Division,Kalapara,21.8187,90.121,"https://www.google.com/maps?q=21.8187,90.121"
https://www.airbnb.com/rooms/636546653557064123?adults=1&children=0&enable_m3_private_room=true&infants=0&pets=0&search_mode=regular_search&check_in=2024-06-13&check_out=2024-06-18&source_impression_id=p3_1718221295_P3yNCEYhEve-rATA&previous_page_section_name=1000&federated_search_id=b45a926f-4270-4d5c-97b4-f99c07b0a3ab,https://www.airbnb.com/rooms/636546653557064123,Boutique Hotel In Kuakata ,Barisal Division,Kalapara,21.8157,90.1253,"https://www.google.com/maps?q=21.8157,90.1253"
https://www.airbnb.com/rooms/663032046372621623?adults=1&children=0&enable_m3_private_room=true&infants=0&pets=0&search_mode=regular_search&check_in=2024-06-13&check_out=2024-06-18&source_impression_id=p3_1718221295_P3D22OQBEmu-7kv_&previous_page_section_name=1000&federated_search_id=b45a926f-4270-4d5c-97b4-f99c07b0a3ab,https://www.airbnb.com/rooms/663032046372621623,Boutique Hotel In Barisal Division ,Barisal Division,Kalapara,21.8166,90.1239,"https://www.google.com/maps?q=21.8166,90.1239"
https://www.airbnb.com/rooms/637955657337501011?adults=1&children=0&enable_m3_private_room=true&infants=0&pets=0&search_mode=regular_search&check_in=2024-06-13&check_out=2024-06-18&source_impression_id=p3_1718221295_P3MF6miBrgLPW65Q&previous_page_section_name=1000&federated_search_id=b45a926f-4270-4d5c-97b4-f99c07b0a3ab,https://www.airbnb.com/rooms/637955657337501011,Boutique Hotel In লতাচাপলী ,Barisal Division,Kalapara,21.8187,90.121,"https://www.google.com/maps?q=21.8187,90.121"
https://www.airbnb.com/rooms/647679299938080788?adults=1&children=0&enable_m3_private_room=true&infants=0&pets=0&search_mode=regular_search&check_in=2024-06-13&check_out=2024-06-18&source_impression_id=p3_1718221295_P3CPCrW67GBpoBVM&previous_page_section_name=1000&federated_search_id=b45a926f-4270-4d5c-97b4-f99c07b0a3ab,https://www.airbnb.com/rooms/647679299938080788,Boutique Hotel In Patuakhali ,Barisal Division,Kalapara,21.8156,90.1379,"https://www.google.com/maps?q=21.8156,90.1379"
https://www.airbnb.com/rooms/663038304213075538?adults=1&children=0&enable_m3_private_room=true&infants=0&pets=0&search_mode=regular_search&check_in=2024-06-13&check_out=2024-06-18&source_impression_id=p3_1718221295_P3yPEvyW7hjQa4TB&previous_page_section_name=1000&federated_search_id=b45a926f-4270-4d5c-97b4-f99c07b0a3ab,https://www.airbnb.com/rooms/663038304213075538,Boutique Hotel In Barisal Division ,Barisal Division,Kalapara,21.8167,90.1239,"https://www.google.com/maps?q=21.8167,90.1239"
https://www.airbnb.com/rooms/637940546095472759?adults=1&children=0&enable_m3_private_room=true&infants=0&pets=0&search_mode=regular_search&check_in=2024-06-13&check_out=2024-06-18&source_impression_id=p3_1718221295_P3SY5jUH00DqX4Zt&previous_page_section_name=1000&federated_search_id=b45a926f-4270-4d5c-97b4-f99c07b0a3ab,https://www.airbnb.com/rooms/637940546095472759,Boutique Hotel In লতাচাপলী ,Barisal Division,Kalapara,21.8187,90.121,"https://www.google.com/maps?q=21.8187,90.121"
https://www.airbnb.com/rooms/966278176786631570?adults=1&children=0&enable_m3_private_room=true&infants=0&pets=0&search_mode=regular_search&check_in=2024-06-14&check_out=2024-06-19&source_impression_id=p3_1718221299_P38hlg0ysfDp76Nw&previous_page_section_name=1000&federated_search_id=f26a2cd2-7e17-4722-a448-29eebcb4c611,https://www.airbnb.com/rooms/966278176786631570,Home In Pirojpur Pourashava ,Barisal Division,Pirojpur,22.5793,89.9763,"https://www.google.com/maps?q=22.5793,89.9763"
https://www.airbnb.com/rooms/50623777?adults=1&children=0&enable_m3_private_room=true&infants=0&pets=0&search_mode=regular_search&check_in=2024-07-29&check_out=2024-08-03&source_impression_id=p3_1718221299_P32KwZNh2uTXrv89&previous_page_section_name=1000&federated_search_id=f26a2cd2-7e17-4722-a448-29eebcb4c611,https://www.airbnb.com/rooms/50623777,Villa In Swarupkathi ,Barisal Division,Nesarabad Upazila,22.74146,90.10266,"https://www.google.com/maps?q=22.74146,90.10266"
https://www.airbnb.com/rooms/52017203?adults=1&children=0&enable_m3_private_room=true&infants=0&pets=0&search_mode=regular_search&check_in=2024-06-13&check_out=2024-06-18&source_impression_id=p3_1718221299_P34gfXZouhc-PK7D&previous_page_section_name=1000&federated_search_id=f26a2cd2-7e17-4722-a448-29eebcb4c611,https://www.airbnb.com/rooms/52017203,Home In Bagerhat District ,Khulna Division,Morrelgonj,22.535523,89.868471,"https://www.google.com/maps?q=22.535523,89.868471"
https://www.airbnb.com/rooms/39170133?adults=1&children=0&enable_m3_private_room=true&infants=0&pets=0&search_mode=regular_search&check_in=2024-06-13&check_out=2024-06-18&source_impression_id=p3_1718221299_P3XAyaFKv3wi_CuO&previous_page_section_name=1000&federated_search_id=f26a2cd2-7e17-4722-a448-29eebcb4c611,https://www.airbnb.com/rooms/39170133,Hotel In Barguna ,Barisal Division,Barguna,22.15782,90.11258,"https://www.google.com/maps?q=22.15782,90.11258"
https://www.airbnb.com/rooms/48797464?adults=1&children=0&enable_m3_private_room=true&infants=0&pets=0&search_mode=regular_search&check_in=2024-06-13&check_out=2024-06-18&source_impression_id=p3_1718221303_P3tIwEE4Sys05MDT&previous_page_section_name=1000&federated_search_id=95e21e13-5e23-4e97-bd63-642b36b48591,https://www.airbnb.com/rooms/48797464,Rental Unit In Faridpur ,Dhaka Division,Faridpur,23.61518,89.84575,"https://www.google.com/maps?q=23.61518,89.84575"
https://www.airbnb.com/rooms/29948496?adults=1&children=0&enable_m3_private_room=true&infants=0&pets=0&search_mode=regular_search&check_in=2024-06-13&check_out=2024-06-20&source_impression_id=p3_1718221303_P39hNkxzDxzEhJP1&previous_page_section_name=1000&federated_search_id=95e21e13-5e23-4e97-bd63-642b36b48591,https://www.airbnb.com/rooms/29948496,Home In Faridpur Sadar Upazila ,Dhaka Division,Faridpur,23.62313,89.81609,"https://www.google.com/maps?q=23.62313,89.81609"
https://www.airbnb.com/rooms/728409960432360540?adults=1&children=0&enable_m3_private_room=true&infants=0&pets=0&search_mode=regular_search&check_in=2024-06-20&check_out=2024-06-25&source_impression_id=p3_1718221303_P3tcG9uGiFMhlIJW&previous_page_section_name=1000&federated_search_id=95e21e13-5e23-4e97-bd63-642b36b48591,https://www.airbnb.com/rooms/728409960432360540,Villa In ফরিদপুর জেলা ,Dhaka Division,Faridpur,23.57574,89.79318,"https://www.google.com/maps?q=23.57574,89.79318"
https://www.airbnb.com/rooms/879652912248918634?adults=1&children=0&enable_m3_private_room=true&infants=0&pets=0&search_mode=regular_search&check_in=2024-06-13&check_out=2024-06-18&source_impression_id=p3_1718221303_P3zWOYD4lufg1EsH&previous_page_section_name=1000&federated_search_id=95e21e13-5e23-4e97-bd63-642b36b48591,https://www.airbnb.com/rooms/879652912248918634,Home In Sylhet ,Dhaka Division,Mirzapur,24.0602,90.0231,"https://www.google.com/maps?q=24.0602,90.0231"
https://www.airbnb.com/rooms/25166381?adults=1&category_tag=Tag%3A8678&children=0&enable_m3_private_room=true&infants=0&pets=0&photo_id=501596492&search_mode=regular_search&check_in=2024-06-13&check_out=2024-06-18&source_impression_id=p3_1718221303_P3V-gVErOy_sHssV&previous_page_section_name=1000&federated_search_id=95e21e13-5e23-4e97-bd63-642b36b48591,https://www.airbnb.com/rooms/25166381,Home In Pabna ,Rajshahi Division,Pabna,24.00778,89.22223,"https://www.google.com/maps?q=24.00778,89.22223"
https://www.airbnb.com/rooms/40007377?adults=1&category_tag=Tag%3A8678&children=0&enable_m3_private_room=true&infants=0&pets=0&photo_id=1457509042&search_mode=regular_search&check_in=2024-06-13&check_out=2024-06-18&source_impression_id=p3_1718221309_P3e7QNemP5eJWfyD&previous_page_section_name=1000&federated_search_id=42348049-41cd-41e5-b7cc-bce4356dbb65,https://www.airbnb.com/rooms/40007377,Home In Rajshahi District ,Rajshahi Division,Rajshahi,24.3664,88.6672,"https://www.google.com/maps?q=24.3664,88.6672"
https://www.airbnb.com/rooms/27913616?adults=1&children=0&enable_m3_private_room=true&infants=0&pets=0&search_mode=regular_search&check_in=2024-06-14&check_out=2024-06-19&source_impression_id=p3_1718221309_P3OFtjlMlmmfS90R&previous_page_section_name=1000&federated_search_id=42348049-41cd-41e5-b7cc-bce4356dbb65,https://www.airbnb.com/rooms/27913616,Farm Stay In Rajshahi ,Rajshahi Division,Rajshahi,24.39167,88.53162,"https://www.google.com/maps?q=24.39167,88.53162"
https://www.airbnb.com/rooms/31702081?adults=1&children=0&enable_m3_private_room=true&infants=0&pets=0&search_mode=regular_search&check_in=2024-06-14&check_out=2024-06-19&source_impression_id=p3_1718221309_P3mon_QfHKb8eEST&previous_page_section_name=1000&federated_search_id=42348049-41cd-41e5-b7cc-bce4356dbb65,https://www.airbnb.com/rooms/31702081,Home In Rajshahi District ,Rajshahi Division,Puthia,24.374128,88.851247,"https://www.google.com/maps?q=24.374128,88.851247"
https://www.airbnb.com/rooms/601246955873586080?adults=1&children=0&enable_m3_private_room=true&infants=0&pets=0&search_mode=regular_search&check_in=2024-06-13&check_out=2024-06-18&source_impression_id=p3_1718221310_P3IOO0dm-V92WO8c&previous_page_section_name=1000&federated_search_id=12d9ba04-8611-4752-8921-99e025dcea4b,https://www.airbnb.com/rooms/601246955873586080,Hotel In Rajshahi ,Rajshahi Division,Rajshahi,24.40784,88.61257,"https://www.google.com/maps?q=24.40784,88.61257"
https://www.airbnb.com/rooms/681885347763181266?adults=1&category_tag=Tag%3A8678&children=0&enable_m3_private_room=true&infants=0&pets=0&photo_id=1459080948&search_mode=regular_search&check_in=2024-06-13&check_out=2024-06-18&source_impression_id=p3_1718221310_P3wyuB1wUrdXlyaF&previous_page_section_name=1000&federated_search_id=12d9ba04-8611-4752-8921-99e025dcea4b,https://www.airbnb.com/rooms/681885347763181266,Home In Rajshahi ,Rajshahi Division,Rajshahi,24.3657,88.6673,"https://www.google.com/maps?q=24.3657,88.6673"
https://www.airbnb.com/rooms/898335114596934218?adults=1&category_tag=Tag%3A8678&children=0&enable_m3_private_room=true&infants=0&pets=0&photo_id=1658888441&search_mode=regular_search&check_in=2024-06-13&check_out=2024-06-18&source_impression_id=p3_1718221321_P3POWBVlySuQ4ll0&previous_page_section_name=1000&federated_search_id=e4f0cf00-9078-4caf-9f00-7b5eb137bec8,https://www.airbnb.com/rooms/898335114596934218,Houseboat In Rangamati Hill District ,Chittagong,Rangamati,22.6531,92.1968,"https://www.google.com/maps?q=22.6531,92.1968"
https://www.airbnb.com/rooms/796267479718601910?adults=1&children=0&enable_m3_private_room=true&infants=0&pets=0&search_mode=regular_search&check_in=2024-06-13&check_out=2024-06-18&source_impression_id=p3_1718221321_P3MdzpLrKJPHCVV3&previous_page_section_name=1000&federated_search_id=e4f0cf00-9078-4caf-9f00-7b5eb137bec8,https://www.airbnb.com/rooms/796267479718601910,Condo In Chattogram ,Chittagong,Chattogram,22.3627,91.8518,"https://www.google.com/maps?q=22.3627,91.8518"
https://www.airbnb.com/rooms/45064093?adults=1&category_tag=Tag%3A8678&children=0&enable_m3_private_room=true&infants=0&pets=0&photo_id=1056643997&search_mode=regular_search&check_in=2024-06-13&check_out=2024-06-18&source_impression_id=p3_1718221321_P3buMGb0Gs1hsB7M&previous_page_section_name=1000&federated_search_id=e4f0cf00-9078-4caf-9f00-7b5eb137bec8,https://www.airbnb.com/rooms/45064093,Home In Rangamati ,Chittagong,Rangamati,22.65745,92.16805,"https://www.google.com/maps?q=22.65745,92.16805"
https://www.airbnb.com/rooms/21857534?adults=1&category_tag=Tag%3A8678&children=0&enable_m3_private_room=true&infants=0&pets=0&photo_id=1508211451&search_mode=regular_search&check_in=2024-06-15&check_out=2024-06-20&source_impression_id=p3_1718221321_P3SFOQDaHPA2zKx_&previous_page_section_name=1000&federated_search_id=e4f0cf00-9078-4caf-9f00-7b5eb137bec8,https://www.airbnb.com/rooms/21857534,Cottage In Rangamati ,Chittagong,Rangamati,22.6353,92.1818,"https://www.google.com/maps?q=22.6353,92.1818"
https://www.airbnb.com/rooms/838328142616347242?adults=1&children=0&enable_m3_private_room=true&infants=0&pets=0&search_mode=regular_search&check_in=2024-06-14&check_out=2024-06-19&source_impression_id=p3_1718221321_P3moWG0r2OnwnzD9&previous_page_section_name=1000&federated_search_id=e4f0cf00-9078-4caf-9f00-7b5eb137bec8,https://www.airbnb.com/rooms/838328142616347242,Rental Unit In Chittagong ,Chittagong,Chattogram,22.36207,91.833212,"https://www.google.com/maps?q=22.36207,91.833212"
https://www.airbnb.com/rooms/1175658001021111025?adults=1&children=0&enable_m3_private_room=true&infants=0&pets=0&search_mode=regular_search&check_in=2024-06-14&check_out=2024-06-19&source_impression_id=p3_1718221321_P3KRAFtyAQM3n57S&previous_page_section_name=1000&federated_search_id=e4f0cf00-9078-4caf-9f00-7b5eb137bec8,https://www.airbnb.com/rooms/1175658001021111025,Rental Unit In Chittagong ,Chittagong,Chattogram,22.346332,91.838789,"https://www.google.com/maps?q=22.346332,91.838789"
https://www.airbnb.com/rooms/38901750?adults=1&children=0&enable_m3_private_room=true&infants=0&pets=0&search_mode=regular_search&check_in=2024-06-13&check_out=2024-06-18&source_impression_id=p3_1718221321_P3SmrxvGC6S5T_Bi&previous_page_section_name=1000&federated_search_id=e4f0cf00-9078-4caf-9f00-7b5eb137bec8,https://www.airbnb.com/rooms/38901750,Rental Unit In Chittagong ,Chittagong,Chattogram,22.37098,91.81937,"https://www.google.com/maps?q=22.37098,91.81937"
https://www.airbnb.com/rooms/47120306?adults=1&children=0&enable_m3_private_room=true&infants=0&pets=0&search_mode=regular_search&check_in=2024-06-13&check_out=2024-06-18&source_impression_id=p3_1718221327_P3ddtXval6Hrvk3i&previous_page_section_name=1000&federated_search_id=e214c4d1-fc48-4254-a649-fdfe4bf6d260,https://www.airbnb.com/rooms/47120306,Rental Unit In Satkhira ,Khulna Division,Satkhira,22.71605,89.0721,"https://www.google.com/maps?q=22.71605,89.0721"
https://www.airbnb.com/rooms/36610046?adults=1&children=0&enable_m3_private_room=true&infants=0&pets=0&search_mode=regular_search&check_in=2024-06-14&check_out=2024-06-19&source_impression_id=p3_1718221327_P3aPwiumO6taZszF&previous_page_section_name=1000&federated_search_id=e214c4d1-fc48-4254-a649-fdfe4bf6d260,https://www.airbnb.com/rooms/36610046,Resort In Satkhira ,Khulna Division,Satkhira,22.72892,89.08044,"https://www.google.com/maps?q=22.72892,89.08044"
https://www.airbnb.com/rooms/888695888143426381?adults=1&children=0&enable_m3_private_room=true&infants=0&pets=0&search_mode=regular_search&check_in=2024-06-15&check_out=2024-06-20&source_impression_id=p3_1718221327_P3hN3NF1BJ-8K9Bs&previous_page_section_name=1000&federated_search_id=e214c4d1-fc48-4254-a649-fdfe4bf6d260,https://www.airbnb.com/rooms/888695888143426381,Home In Jessore District ,Khulna Division,Bhatpara Abhaynagar,23.0133,89.3944,"https://www.google.com/maps?q=23.0133,89.3944"
https://www.airbnb.com/rooms/52185865?adults=1&category_tag=Tag%3A8678&children=0&enable_m3_private_room=true&infants=0&pets=0&photo_id=1262267203&search_mode=regular_search&check_in=2024-06-13&check_out=2024-06-18&source_impression_id=p3_1718221327_P3Io8WErDmcAQdSM&previous_page_section_name=1000&federated_search_id=e214c4d1-fc48-4254-a649-fdfe4bf6d260,https://www.airbnb.com/rooms/52185865,Casa Particular In Tala ,Khulna Division,Tala,22.7484,89.25953,"https://www.google.com/maps?q=22.7484,89.25953"
https://www.airbnb.com/rooms/993242804814437738?adults=1&children=0&enable_m3_private_room=true&infants=0&pets=0&search_mode=regular_search&check_in=2024-06-14&check_out=2024-06-19&source_impression_id=p3_1718221327_P3vV5pV0yMaPW0sW&previous_page_section_name=1000&federated_search_id=e214c4d1-fc48-4254-a649-fdfe4bf6d260,https://www.airbnb.com/rooms/993242804814437738,Guesthouse In Shyamnagar ,Khulna Division,Shyamnagar,22.340359,89.107829,"https://www.google.com/maps?q=22.340359,89.107829"
https://www.airbnb.com/rooms/788965959216043376?adults=1&children=0&enable_m3_private_room=true&infants=0&pets=0&search_mode=regular_search&check_in=2024-06-13&check_out=2024-06-18&source_impression_id=p3_1718221327_P30byMe_Ox8om5HK&previous_page_section_name=1000&federated_search_id=e214c4d1-fc48-4254-a649-fdfe4bf6d260,https://www.airbnb.com/rooms/788965959216043376,Hotel In Shyamnagar ,Khulna Division,Shyamnagar,22.34279,89.10494,"https://www.google.com/maps?q=22.34279,89.10494"
https://www.airbnb.com/rooms/789008603997185838?adults=1&children=0&enable_m3_private_room=true&infants=0&pets=0&search_mode=regular_search&check_in=2024-06-13&check_out=2024-06-18&source_impression_id=p3_1718221327_P3JTdWrtso3AsiMd&previous_page_section_name=1000&federated_search_id=e214c4d1-fc48-4254-a649-fdfe4bf6d260,https://www.airbnb.com/rooms/789008603997185838,Hotel In Shyamnagar ,Khulna Division,Shyamnagar,22.34246,89.10437,"https://www.google.com/maps?q=22.34246,89.10437"
https://www.airbnb.com/rooms/884053821257331155?adults=1&children=0&enable_m3_private_room=true&infants=0&pets=0&search_mode=regular_search&check_in=2024-06-13&check_out=2024-06-18&source_impression_id=p3_1718221331_P3pIY8K1mGvAEy56&previous_page_section_name=1000&federated_search_id=19e41b9b-d321-48e3-87a0-99ef035b5d8d,https://www.airbnb.com/rooms/884053821257331155,Hotel In Dhaka ,Dhaka Division,Naria,23.28624,90.35428,"https://www.google.com/maps?q=23.28624,90.35428"
https://www.airbnb.com/rooms/564965506658217451?adults=1&children=0&enable_m3_private_room=true&infants=0&pets=0&search_mode=regular_search&check_in=2024-06-13&check_out=2024-06-18&source_impression_id=p3_1718221331_P3HZSqA_8Ps4zWvP&previous_page_section_name=1000&federated_search_id=19e41b9b-d321-48e3-87a0-99ef035b5d8d,https://www.airbnb.com/rooms/564965506658217451,Townhouse In Shibchar Upazila ,Dhaka Division,Shibchar,23.33774,90.18809,"https://www.google.com/maps?q=23.33774,90.18809"
https://www.airbnb.com/rooms/727090966269244834?adults=1&children=0&enable_m3_private_room=true&infants=0&pets=0&search_mode=regular_search&check_in=2024-06-13&check_out=2024-06-18&source_impression_id=p3_1718221331_P3uVfMOS0YCS_fjF&previous_page_section_name=1000&federated_search_id=19e41b9b-d321-48e3-87a0-99ef035b5d8d,https://www.airbnb.com/rooms/727090966269244834,Condo In মাদারীপুর ,Dhaka Division,Madaripur,23.1764,90.2035,"https://www.google.com/maps?q=23.1764,90.2035"
https://www.airbnb.com/rooms/905138373050381636?adults=1&children=0&enable_m3_private_room=true&infants=0&pets=0&search_mode=regular_search&check_in=2024-06-13&check_out=2024-06-18&source_impression_id=p3_1718221331_P3yM0HNYbZaQjPRC&previous_page_section_name=1000&federated_search_id=19e41b9b-d321-48e3-87a0-99ef035b5d8d,https://www.airbnb.com/rooms/905138373050381636,Home In Madaripur District ,Dhaka Division,Rajair,23.2194,90.0813,"https://www.google.com/maps?q=23.2194,90.0813"
https://www.airbnb.com/rooms/44494768?adults=1&category_tag=Tag%3A8678&children=0&enable_m3_private_room=true&infants=0&pets=0&photo_id=1046375459&search_mode=regular_search&check_in=2024-06-13&check_out=2024-06-18&source_impression_id=p3_1718221331_P3Ucmq2fudV1hRUO&previous_page_section_name=1000&federated_search_id=19e41b9b-d321-48e3-87a0-99ef035b5d8d,https://www.airbnb.com/rooms/44494768,Farm Stay In Rajiher ,Barisal Division,Agailjhara,22.9951,90.1477,"https://www.google.com/maps?q=22.9951,90.1477"
https://www.airbnb.com/rooms/48908407?adults=1&children=0&enable_m3_private_room=true&infants=0&pets=0&search_mode=regular_search&check_in=2024-06-13&check_out=2024-06-18&source_impression_id=p3_1718221331_P37TQUhfRrsN3NTC&previous_page_section_name=1000&federated_search_id=19e41b9b-d321-48e3-87a0-99ef035b5d8d,https://www.airbnb.com/rooms/48908407,Home In Sreenagar Upazila ,Dhaka Division,Sreenagar,23.5058,90.2727,"https://www.google.com/maps?q=23.5058,90.2727"
https://www.airbnb.com/rooms/665805711116882315?adults=1&children=0&enable_m3_private_room=true&infants=0&pets=0&search_mode=regular_search&check_in=2024-06-14&check_out=2024-06-19&source_impression_id=p3_1718221335_P3C_8mO_zOjRRlYw&previous_page_section_name=1000&federated_search_id=a8562437-57b8-42d7-9c97-db7948967023,https://www.airbnb.com/rooms/665805711116882315,Villa In Mymensingh Division ,Mymensingh Division,Nalitabari,25.074125,90.148981,"https://www.google.com/maps?q=25.074125,90.148981"
https://www.airbnb.com/rooms/1136255161819911408?adults=1&category_tag=Tag%3A8678&children=0&enable_m3_private_room=true&infants=0&pets=0&photo_id=1885402759&search_mode=regular_search&check_in=2024-06-14&check_out=2024-06-19&source_impression_id=p3_1718221341_P3KX3HEePL5UoyME&previous_page_section_name=1000&federated_search_id=7e234165-c400-47d7-9a81-9f4f409f50cd,https://www.airbnb.com/rooms/1136255161819911408,Home In Sirajganj ,Rajshahi Division,Sirajganj,24.447,89.6444,"https://www.google.com/maps?q=24.447,89.6444"
https://www.airbnb.com/rooms/1114540393097191466?adults=1&children=0&enable_m3_private_room=true&infants=0&pets=0&search_mode=regular_search&check_in=2024-06-13&check_out=2024-06-18&source_impression_id=p3_1718221341_P3_2xR6KFiQDffr8&previous_page_section_name=1000&federated_search_id=7e234165-c400-47d7-9a81-9f4f409f50cd,https://www.airbnb.com/rooms/1114540393097191466,Rental Unit In Sirajganj ,Rajshahi Division,Ullapara,24.3117,89.5691,"https://www.google.com/maps?q=24.3117,89.5691"
https://www.airbnb.com/rooms/928717447209610822?adults=1&children=0&enable_m3_private_room=true&infants=0&pets=0&search_mode=regular_search&check_in=2024-06-13&check_out=2024-06-18&source_impression_id=p3_1718221346_P3_n9yxV7F0Z90fK&previous_page_section_name=1000&federated_search_id=f082d25a-d628-454c-be43-d29b6a921b9e,https://www.airbnb.com/rooms/928717447209610822,Home In Sirajganj District ,Rajshahi Division,Ullapara,24.3249,89.5424,"https://www.google.com/maps?q=24.3249,89.5424"
https://www.airbnb.com/rooms/928783621020679263?adults=1&children=0&enable_m3_private_room=true&infants=0&pets=0&search_mode=regular_search&check_in=2024-06-13&check_out=2024-06-18&source_impression_id=p3_1718221346_P3KffAXTqi6J4VO2&previous_page_section_name=1000&federated_search_id=f082d25a-d628-454c-be43-d29b6a921b9e,https://www.airbnb.com/rooms/928783621020679263,Home In Rajshahi Division ,Rajshahi Division,Ullapara,24.31351,89.56972,"https://www.google.com/maps?q=24.31351,89.56972"
https://www.airbnb.com/rooms/1116001719593054739?adults=1&children=0&enable_m3_private_room=true&infants=0&pets=0&search_mode=regular_search&check_in=2024-06-23&check_out=2024-06-28&source_impression_id=p3_1718221351_P30XQ5-zvjRdNCME&previous_page_section_name=1000&federated_search_id=960fc053-1d53-4dcf-b9b3-a7358f2c26bf,https://www.airbnb.com/rooms/1116001719593054739,Home In Gazipur District ,Dhaka Division,Gazipur,24.105667,90.508588,"https://www.google.com/maps?q=24.105667,90.508588"
https://www.airbnb.com/rooms/1102934925295543458?adults=1&children=0&enable_m3_private_room=true&infants=0&pets=0&search_mode=regular_search&check_in=2024-06-14&check_out=2024-06-19&source_impression_id=p3_1718221351_P3fGn_L9FIGZdpH9&previous_page_section_name=1000&federated_search_id=960fc053-1d53-4dcf-b9b3-a7358f2c26bf,https://www.airbnb.com/rooms/1102934925295543458,Villa In Savar ,Dhaka Division,Savar,23.867597,90.28554,"https://www.google.com/maps?q=23.867597,90.28554"
https://www.airbnb.com/rooms/1116017225421453453?adults=1&children=0&enable_m3_private_room=true&infants=0&pets=0&search_mode=regular_search&check_in=2024-06-23&check_out=2024-06-28&source_impression_id=p3_1718221360_P3dVR84o1XioyUCT&previous_page_section_name=1000&federated_search_id=597edf45-9be3-4c36-bf37-77c68254d802,https://www.airbnb.com/rooms/1116017225421453453,Cottage In Gazipur District ,Dhaka Division,Gazipur,24.10579,90.50924,"https://www.google.com/maps?q=24.10579,90.50924"
https://www.airbnb.com/rooms/1026090330486972875?adults=1&children=0&enable_m3_private_room=true&infants=0&pets=0&search_mode=regular_search&check_in=2024-06-15&check_out=2024-06-20&source_impression_id=p3_1718221365_P3Hfn7ewszZt-Gur&previous_page_section_name=1000&federated_search_id=49992ff4-c10b-4011-b09b-9196abc6f9be,https://www.airbnb.com/rooms/1026090330486972875,Tent In Joydebpur ,Dhaka Division,Gazipur,24.1028,90.3971,"https://www.google.com/maps?q=24.1028,90.3971"
https://www.airbnb.com/rooms/1100750462331273795?adults=1&category_tag=Tag%3A8678&children=0&enable_m3_private_room=true&infants=0&pets=0&photo_id=1849820907&search_mode=regular_search&check_in=2024-06-13&check_out=2024-06-18&source_impression_id=p3_1718221365_P3fPmTr6OR78gm09&previous_page_section_name=1000&federated_search_id=49992ff4-c10b-4011-b09b-9196abc6f9be,https://www.airbnb.com/rooms/1100750462331273795,Earthen Home In Tangail ,Dhaka Division,Tangail,24.2581,89.9207,"https://www.google.com/maps?q=24.2581,89.9207"
https://www.airbnb.com/rooms/1154253252135884551?adults=1&children=0&enable_m3_private_room=true&infants=0&pets=0&search_mode=regular_search&check_in=2024-06-14&check_out=2024-06-19&source_impression_id=p3_1718221368_P3jJgkpfZ5pJV7hr&previous_page_section_name=1000&federated_search_id=0596723b-10ae-41cf-9070-349f18f18f74,https://www.airbnb.com/rooms/1154253252135884551,Home In Golaidanga ,Dhaka Division,Singair,23.771836,90.097349,"https://www.google.com/maps?q=23.771836,90.097349"
https://www.airbnb.com/rooms/740563806818712976?adults=1&children=0&enable_m3_private_room=true&infants=0&pets=0&search_mode=regular_search&check_in=2024-06-13&check_out=2024-06-18&source_impression_id=p3_1718221408_P3A3PLYRjuqIr5ou&previous_page_section_name=1000&federated_search_id=8b581713-d199-4e98-888f-1f3b0c384040,https://www.airbnb.com/rooms/740563806818712976,Bed And Breakfast In Alampur ,Rangpur Division,Taraganj,25.80041,88.96477,"https://www.google.com/maps?q=25.80041,88.96477"
https://www.airbnb.com/rooms/42467708?adults=1&children=0&enable_m3_private_room=true&infants=0&pets=0&search_mode=regular_search&check_in=2024-06-13&check_out=2024-06-18&source_impression_id=p3_1718223338_P3DuIrFFQd08m9I3&previous_page_section_name=1000&federated_search_id=17a83a47-b31c-4a87-9dca-2f1f9b7317a2,https://www.airbnb.com/rooms/42467708,Villa In Savar Union ,Dhaka Division,Savar,23.86763,90.28587,"https://www.google.com/maps?q=23.86763,90.28587"
https://www.airbnb.com/rooms/1152927517484205375?adults=1&children=0&enable_m3_private_room=true&infants=0&pets=0&search_mode=regular_search&check_in=2024-06-14&check_out=2024-06-19&source_impression_id=p3_1718223340_P389V9yfBTH8Dr0f&previous_page_section_name=1000&federated_search_id=0de71c39-5a30-477e-b2d1-a5c70f0c2352,https://www.airbnb.com/rooms/1152927517484205375,Rental Unit In Dhamrai ,Dhaka Division,Dhamrai,23.911287,90.216597,"https://www.google.com/maps?q=23.911287,90.216597"
https://www.airbnb.com/rooms/7718891?adults=1&category_tag=Tag%3A8678&children=0&enable_m3_private_room=true&infants=0&pets=0&photo_id=86137279&search_mode=regular_search&check_in=2024-06-13&check_out=2024-06-18&source_impression_id=p3_1718223364_P3HJbOChaN2eI9b0&previous_page_section_name=1000&federated_search_id=01bf6575-97c3-486e-a600-d1b4ca280a87,https://www.airbnb.com/rooms/7718891,Home In Dhaka ,Dhaka Division,Savar,23.86612,90.28543,"https://www.google.com/maps?q=23.86612,90.28543"
https://www.airbnb.com/rooms/1068734734551766439?adults=1&children=0&enable_m3_private_room=true&infants=0&pets=0&search_mode=regular_search&check_in=2024-06-14&check_out=2024-06-19&source_impression_id=p3_1718220961_P3stQWFZQVwbUe1m&previous_page_section_name=1000&federated_search_id=c975c44f-bbb4-4405-a5fa-fb43bef9126a,https://www.airbnb.com/rooms/1068734734551766439,Hotel In Old Port Residential Area ,Khulna Division,Dacope,22.4493,89.5481,"https://www.google.com/maps?q=22.4493,89.5481"
https://www.airbnb.com/rooms/28102159?adults=1&children=0&enable_m3_private_room=true&infants=0&pets=0&search_mode=regular_search&check_in=2024-06-13&check_out=2024-06-18&source_impression_id=p3_1718220961_P3-K44gAQIkCSXh-&previous_page_section_name=1000&federated_search_id=c975c44f-bbb4-4405-a5fa-fb43bef9126a,https://www.airbnb.com/rooms/28102159,Nature Lodge In Mongla ,Khulna Division,Dacope,22.45744,89.54549,"https://www.google.com/maps?q=22.45744,89.54549"
https://www.airbnb.com/rooms/38626140?adults=1&category_tag=Tag%3A8678&children=0&enable_m3_private_room=true&infants=0&pets=0&photo_id=875802836&search_mode=regular_search&check_in=2024-06-14&check_out=2024-06-19&source_impression_id=p3_1718220967_P3jmvdHBYLaXqFUF&previous_page_section_name=1000&federated_search_id=59bbb15d-c0e7-4d5f-8f5e-23823385ad7b,https://www.airbnb.com/rooms/38626140,Cabin In Bandarban District ,Chittagong,Satkania,22.12616,92.14975,"https://www.google.com/maps?q=22.12616,92.14975"
https://www.airbnb.com/rooms/817379735692961012?adults=1&category_tag=Tag%3A8678&children=0&enable_m3_private_room=true&infants=0&pets=0&photo_id=1579166396&search_mode=regular_search&check_in=2024-06-13&check_out=2024-06-18&source_impression_id=p3_1718220967_P3rZgvZ5EjWjYPAK&previous_page_section_name=1000&federated_search_id=59bbb15d-c0e7-4d5f-8f5e-23823385ad7b,https://www.airbnb.com/rooms/817379735692961012,Bed And Breakfast In West Gatia ,Chittagong,Satkania,22.104,92.0305,"https://www.google.com/maps?q=22.104,92.0305"
https://www.airbnb.com/rooms/1094363798500464678?adults=1&children=0&enable_m3_private_room=true&infants=0&pets=0&search_mode=regular_search&check_in=2024-06-14&check_out=2024-06-19&source_impression_id=p3_1718220967_P3wSUkP28Qi2E8Tt&previous_page_section_name=1000&federated_search_id=59bbb15d-c0e7-4d5f-8f5e-23823385ad7b,https://www.airbnb.com/rooms/1094363798500464678,Home In Chittagong District ,Chittagong,Satkania,22.115424,92.012332,"https://www.google.com/maps?q=22.115424,92.012332"
https://www.airbnb.com/rooms/54232278?adults=1&children=0&enable_m3_private_room=true&infants=0&pets=0&search_mode=regular_search&check_in=2024-06-13&check_out=2024-06-18&source_impression_id=p3_1718220989_P3l0x8ZEe_Cyts3o&previous_page_section_name=1000&federated_search_id=70dc1ce0-602f-4ecc-948f-3292f22b2c5a,https://www.airbnb.com/rooms/54232278,Cottage In Chittagong Division ,Chittagong,Lakshmipur,22.91334,90.80734,"https://www.google.com/maps?q=22.91334,90.80734"
https://www.airbnb.com/rooms/1143144280141992034?adults=1&category_tag=Tag%3A8678&children=0&enable_m3_private_room=true&infants=0&pets=0&photo_id=1892884849&search_mode=regular_search&check_in=2024-06-14&check_out=2024-06-19&source_impression_id=p3_1718220989_P3DQ8SywVhov1g4m&previous_page_section_name=1000&federated_search_id=70dc1ce0-602f-4ecc-948f-3292f22b2c5a,https://www.airbnb.com/rooms/1143144280141992034,Rental Unit In Lakshmipur District ,Chittagong,Lakshmipur,22.975,90.94,"https://www.google.com/maps?q=22.975,90.94"
https://www.airbnb.com/rooms/902611114132957476?adults=1&children=0&enable_m3_private_room=true&infants=0&pets=0&search_mode=regular_search&check_in=2024-06-13&check_out=2024-06-18&source_impression_id=p3_1718220999_P3yO1rGjyaBd3SeR&previous_page_section_name=1000&federated_search_id=2acaf096-6a2a-4de4-82a2-912fa4677929,https://www.airbnb.com/rooms/902611114132957476,Home In Ashuganj ,Chittagong,Ashuganj,24.02638,90.99625,"https://www.google.com/maps?q=24.02638,90.99625"
https://www.airbnb.com/rooms/741275292377686815?adults=1&children=0&enable_m3_private_room=true&infants=0&pets=0&search_mode=regular_search&check_in=2024-06-13&check_out=2024-06-18&source_impression_id=p3_1718221012_P34Bz_lX1nC0inCV&previous_page_section_name=1000&federated_search_id=a5fc4b6f-9e09-4174-be86-9e7b153c49bb,https://www.airbnb.com/rooms/741275292377686815,Rental Unit In Chittagong ,Chittagong,Chattogram,22.36298,91.82796,"https://www.google.com/maps?q=22.36298,91.82796"
https://www.airbnb.com/rooms/46789946?adults=1&children=0&enable_m3_private_room=true&infants=0&pets=0&search_mode=regular_search&check_in=2024-06-15&check_out=2024-06-21&source_impression_id=p3_1718221012_P3Ru5ryn0XNSs5_c&previous_page_section_name=1000&federated_search_id=a5fc4b6f-9e09-4174-be86-9e7b153c49bb,https://www.airbnb.com/rooms/46789946,Rental Unit In Chittagong ,Chittagong,Chattogram,22.3669,91.8291,"https://www.google.com/maps?q=22.3669,91.8291"
https://www.airbnb.com/rooms/33146710?adults=1&children=0&enable_m3_private_room=true&infants=0&pets=0&search_mode=regular_search&check_in=2024-06-16&check_out=2024-06-23&source_impression_id=p3_1718221012_P3F7Jp8rB150AQkI&previous_page_section_name=1000&federated_search_id=a5fc4b6f-9e09-4174-be86-9e7b153c49bb,https://www.airbnb.com/rooms/33146710,Rental Unit In Chittagong ,Chittagong,Chattogram,22.37806,91.85498,"https://www.google.com/maps?q=22.37806,91.85498"
https://www.airbnb.com/rooms/36290021?adults=1&children=0&enable_m3_private_room=true&infants=0&pets=0&search_mode=regular_search&check_in=2024-06-13&check_out=2024-06-18&source_impression_id=p3_1718221012_P382M230N1Xat2Hg&previous_page_section_name=1000&federated_search_id=a5fc4b6f-9e09-4174-be86-9e7b153c49bb,https://www.airbnb.com/rooms/36290021,Rental Unit In Chittagong ,Chittagong,Chattogram,22.34829,91.81825,"https://www.google.com/maps?q=22.34829,91.81825"
https://www.airbnb.com/rooms/1105485002022229674?adults=1&children=0&enable_m3_private_room=true&infants=0&pets=0&search_mode=regular_search&check_in=2024-06-14&check_out=2024-06-19&source_impression_id=p3_1718221012_P34Z9jUu3XpSzr2Z&previous_page_section_name=1000&federated_search_id=a5fc4b6f-9e09-4174-be86-9e7b153c49bb,https://www.airbnb.com/rooms/1105485002022229674,Rental Unit In Chittagong ,Chittagong,Chattogram,22.3622,91.8176,"https://www.google.com/maps?q=22.3622,91.8176"
https://www.airbnb.com/rooms/1154265210731904205?adults=1&category_tag=Tag%3A8678&children=0&enable_m3_private_room=true&infants=0&pets=0&photo_id=1904546263&search_mode=regular_search&check_in=2024-06-14&check_out=2024-06-19&source_impression_id=p3_1718221015_P3Cc12bskDVNgiMZ&previous_page_section_name=1000&federated_search_id=3eb5d98d-93e6-4427-a6ee-bc6a69f275a9,https://www.airbnb.com/rooms/1154265210731904205,Rental Unit In Anowara ,Chittagong,Anowara,22.2279,91.8438,"https://www.google.com/maps?q=22.2279,91.8438"
https://www.airbnb.com/rooms/1116955351985051601?adults=1&children=0&enable_m3_private_room=true&infants=0&pets=0&search_mode=regular_search&check_in=2024-06-16&check_out=2024-06-21&source_impression_id=p3_1718221015_P3umPwfSAwO3vAjC&previous_page_section_name=1000&federated_search_id=3eb5d98d-93e6-4427-a6ee-bc6a69f275a9,https://www.airbnb.com/rooms/1116955351985051601,Rental Unit In Chittagong ,Chittagong,Chattogram,22.376781,91.849646,"https://www.google.com/maps?q=22.376781,91.849646"
https://www.airbnb.com/rooms/699619333669442530?adults=1&children=0&enable_m3_private_room=true&infants=0&pets=0&search_mode=regular_search&check_in=2024-11-22&check_out=2024-11-27&source_impression_id=p3_1718221015_P3wcBQMQPoQMvXb7&previous_page_section_name=1000&federated_search_id=3eb5d98d-93e6-4427-a6ee-bc6a69f275a9,https://www.airbnb.com/rooms/699619333669442530,Hotel In চট্টগ্রাম ,Chittagong,Chattogram,22.35106,91.8212,"https://www.google.com/maps?q=22.35106,91.8212"
https://www.airbnb.com/rooms/886200410522605681?adults=1&category_tag=Tag%3A8678&children=0&enable_m3_private_room=true&infants=0&pets=0&photo_id=1645913541&search_mode=regular_search&check_in=2024-06-13&check_out=2024-06-18&source_impression_id=p3_1718221015_P3q9GfSRQydz9qnP&previous_page_section_name=1000&federated_search_id=3eb5d98d-93e6-4427-a6ee-bc6a69f275a9,https://www.airbnb.com/rooms/886200410522605681,Rental Unit In Chittagong ,Chittagong,Chattogram,22.37972,91.85693,"https://www.google.com/maps?q=22.37972,91.85693"
https://www.airbnb.com/rooms/22093849?adults=1&children=0&enable_m3_private_room=true&infants=0&pets=0&search_mode=regular_search&check_in=2024-06-13&check_out=2024-06-18&source_impression_id=p3_1718221015_P3jxChERWyMST_ER&previous_page_section_name=1000&federated_search_id=3eb5d98d-93e6-4427-a6ee-bc6a69f275a9,https://www.airbnb.com/rooms/22093849,Rental Unit In Chittagong ,Chittagong,Chattogram,22.2499,91.8178,"https://www.google.com/maps?q=22.2499,91.8178"
https://www.airbnb.com/rooms/51898858?adults=1&category_tag=Tag%3A8678&children=0&enable_m3_private_room=true&infants=0&pets=0&photo_id=1244495027&search_mode=regular_search&check_in=2024-06-13&check_out=2024-06-18&source_impression_id=p3_1718221017_P3y8xspYgQvD1T0M&previous_page_section_name=1000&federated_search_id=ee94dd59-2b74-4932-bfc6-d3068ac7222a,https://www.airbnb.com/rooms/51898858,Rental Unit In Chittagong ,Chittagong,Chattogram,22.33021,91.84645,"https://www.google.com/maps?q=22.33021,91.84645"
https://www.airbnb.com/rooms/699622402829317111?adults=1&children=0&enable_m3_private_room=true&infants=0&pets=0&search_mode=regular_search&check_in=2024-11-21&check_out=2024-11-26&source_impression_id=p3_1718221017_P3-dk8Oncf2komlz&previous_page_section_name=1000&federated_search_id=ee94dd59-2b74-4932-bfc6-d3068ac7222a,https://www.airbnb.com/rooms/699622402829317111,Hotel In চট্টগ্রাম ,Chittagong,Chattogram,22.35091,91.82111,"https://www.google.com/maps?q=22.35091,91.82111"
https://www.airbnb.com/rooms/597207873235124946?adults=1&category_tag=Tag%3A8678&children=0&enable_m3_private_room=true&infants=0&pets=0&photo_id=1502974776&search_mode=regular_search&check_in=2024-06-13&check_out=2024-06-18&source_impression_id=p3_1718221017_P35kvKhY0RN1IqwV&previous_page_section_name=1000&federated_search_id=ee94dd59-2b74-4932-bfc6-d3068ac7222a,https://www.airbnb.com/rooms/597207873235124946,Bed And Breakfast In Chittagong ,Chittagong,Chattogram,22.3567,91.86415,"https://www.google.com/maps?q=22.3567,91.86415"
https://www.airbnb.com/rooms/20261365?adults=1&children=0&enable_m3_private_room=true&infants=0&pets=0&search_mode=regular_search&check_in=2024-06-14&check_out=2024-06-19&source_impression_id=p3_1718221020_P3huRtGKh2BJfvrU&previous_page_section_name=1000&federated_search_id=6dafee6a-2b27-40b8-a49d-43e28642b8de,https://www.airbnb.com/rooms/20261365,Rental Unit In Chittagong ,Chittagong,Chattogram,22.35014,91.81678,"https://www.google.com/maps?q=22.35014,91.81678"
https://www.airbnb.com/rooms/561335258367967331?adults=1&children=0&enable_m3_private_room=true&infants=0&pets=0&search_mode=regular_search&check_in=2024-06-13&check_out=2024-06-18&source_impression_id=p3_1718221020_P3iJMLJFOA0RZ9KB&previous_page_section_name=1000&federated_search_id=6dafee6a-2b27-40b8-a49d-43e28642b8de,https://www.airbnb.com/rooms/561335258367967331,Guest Suite In Chittagong ,Chittagong,Chattogram,22.36692,91.82988,"https://www.google.com/maps?q=22.36692,91.82988"
https://www.airbnb.com/rooms/653638758888041425?adults=1&children=0&enable_m3_private_room=true&infants=0&pets=0&search_mode=regular_search&check_in=2024-06-13&check_out=2024-06-18&source_impression_id=p3_1718221020_P3pkUk503AVwDsD2&previous_page_section_name=1000&federated_search_id=6dafee6a-2b27-40b8-a49d-43e28642b8de,https://www.airbnb.com/rooms/653638758888041425,Rental Unit In Chittagong ,Chittagong,Chattogram,22.3813,91.8496,"https://www.google.com/maps?q=22.3813,91.8496"
https://www.airbnb.com/rooms/38302180?adults=1&children=0&enable_m3_private_room=true&infants=0&pets=0&search_mode=regular_search&check_in=2024-06-14&check_out=2024-06-19&source_impression_id=p3_1718221020_P3A9m_gCyPv9hxW2&previous_page_section_name=1000&federated_search_id=6dafee6a-2b27-40b8-a49d-43e28642b8de,https://www.airbnb.com/rooms/38302180,Rental Unit In Chittagong ,Chittagong,Chattogram,22.37736,91.84593,"https://www.google.com/maps?q=22.37736,91.84593"
https://www.airbnb.com/rooms/627269888543883115?adults=1&children=0&enable_m3_private_room=true&infants=0&pets=0&search_mode=regular_search&check_in=2024-06-13&check_out=2024-06-18&source_impression_id=p3_1718221012_P3LdWZ4VxPRWA6ZQ&previous_page_section_name=1000&federated_search_id=a5fc4b6f-9e09-4174-be86-9e7b153c49bb,https://www.airbnb.com/rooms/627269888543883115,Rental Unit In Chittagong ,Chittagong,Chattogram,,,"https://www.google.com/maps?q=nan,nan"
https://www.airbnb.com/rooms/827736820638245467?adults=1&children=0&enable_m3_private_room=true&infants=0&pets=0&search_mode=regular_search&check_in=2024-06-13&check_out=2024-06-18&source_impression_id=p3_1718221012_P3pvqW_-XuTGnMw7&previous_page_section_name=1000&federated_search_id=a5fc4b6f-9e09-4174-be86-9e7b153c49bb,https://www.airbnb.com/rooms/827736820638245467,Condo In Chattogram ,Chittagong,Chattogram,,,"https://www.google.com/maps?q=nan,nan"
https://www.airbnb.com/rooms/1069452244428724854?adults=1&category_tag=Tag%3A8678&children=0&enable_m3_private_room=true&infants=0&pets=0&photo_id=1820833591&search_mode=regular_search&check_in=2024-06-14&check_out=2024-06-19&source_impression_id=p3_1718221060_P3Ql5kI_CmUJCKdD&previous_page_section_name=1000&federated_search_id=30f82058-a7f3-463c-9568-31e4c24d8d52,https://www.airbnb.com/rooms/1069452244428724854,Home In Mohanpur ,Chittagong,Debidwar,23.52334,91.04918,"https://www.google.com/maps?q=23.52334,91.04918"
https://www.airbnb.com/rooms/726787405272665657?adults=1&children=0&enable_m3_private_room=true&infants=0&pets=0&search_mode=regular_search&check_in=2024-06-13&check_out=2024-06-18&source_impression_id=p3_1718221076_P3LiTfE3Yqr6N_ei&previous_page_section_name=1000&federated_search_id=212b772e-4a3a-4016-b41d-e803be5a7aba,https://www.airbnb.com/rooms/726787405272665657,Condo In Feni District ,Chittagong,Feni,23.01945,91.38813,"https://www.google.com/maps?q=23.01945,91.38813"
https://www.airbnb.com/rooms/1057202212563546958?adults=1&children=0&enable_m3_private_room=true&infants=0&pets=0&search_mode=regular_search&check_in=2024-06-13&check_out=2024-06-18&source_impression_id=p3_1718221076_P35fupyv4eIvKerI&previous_page_section_name=1000&federated_search_id=212b772e-4a3a-4016-b41d-e803be5a7aba,https://www.airbnb.com/rooms/1057202212563546958,Tiny Home In Chota Rampur ,Chittagong,Noakhali,22.836,91.242,"https://www.google.com/maps?q=22.836,91.242"
https://www.airbnb.com/rooms/48440888?adults=1&children=0&enable_m3_private_room=true&infants=0&pets=0&search_mode=regular_search&check_in=2024-06-13&check_out=2024-06-18&source_impression_id=p3_1718221076_P3wK5eHC2Unz_NYU&previous_page_section_name=1000&federated_search_id=212b772e-4a3a-4016-b41d-e803be5a7aba,https://www.airbnb.com/rooms/48440888,Condo In Minsarai ,Chittagong,Mirsarai,22.77829,91.57213,"https://www.google.com/maps?q=22.77829,91.57213"
https://www.airbnb.com/rooms/53545115?adults=1&children=0&enable_m3_private_room=true&infants=0&pets=0&search_mode=regular_search&check_in=2024-06-13&check_out=2024-06-18&source_impression_id=p3_1718221076_P3lA382YzIkL8tox&previous_page_section_name=1000&federated_search_id=212b772e-4a3a-4016-b41d-e803be5a7aba,https://www.airbnb.com/rooms/53545115,Bungalow In Chittagong Division ,Chittagong,Noakhali,22.87213,91.09845,"https://www.google.com/maps?q=22.87213,91.09845"
https://www.airbnb.com/rooms/53438075?adults=1&category_tag=Tag%3A8678&children=0&enable_m3_private_room=true&infants=0&pets=0&photo_id=1289386996&search_mode=regular_search&check_in=2024-06-13&check_out=2024-06-18&source_impression_id=p3_1718221076_P3Azje-rTC54ldp7&previous_page_section_name=1000&federated_search_id=212b772e-4a3a-4016-b41d-e803be5a7aba,https://www.airbnb.com/rooms/53438075,Villa In Comilla District ,Chittagong,Chauddagram,23.2456,91.28387,"https://www.google.com/maps?q=23.2456,91.28387"
https://www.airbnb.com/rooms/797553775302232337?adults=1&children=0&enable_m3_private_room=true&infants=0&pets=0&search_mode=regular_search&check_in=2024-06-13&check_out=2024-06-18&source_impression_id=p3_1718221076_P3Wq3sGlZLzrPpq4&previous_page_section_name=1000&federated_search_id=212b772e-4a3a-4016-b41d-e803be5a7aba,https://www.airbnb.com/rooms/797553775302232337,Home In কুমিল্লা জেলা ,Chittagong,Laksham,23.28271,91.12325,"https://www.google.com/maps?q=23.28271,91.12325"
https://www.airbnb.com/rooms/41894227?adults=1&children=0&enable_m3_private_room=true&infants=0&pets=0&search_mode=regular_search&check_in=2024-06-13&check_out=2024-06-18&source_impression_id=p3_1718221076_P3l-iMreKpfw64SC&previous_page_section_name=1000&federated_search_id=212b772e-4a3a-4016-b41d-e803be5a7aba,https://www.airbnb.com/rooms/41894227,Rental Unit In Sitakund ,Chittagong,Sitakund,22.62438,91.66615,"https://www.google.com/maps?q=22.62438,91.66615"
https://www.airbnb.com/rooms/53544993?adults=1&children=0&enable_m3_private_room=true&infants=0&pets=0&search_mode=regular_search&check_in=2024-06-13&check_out=2024-06-18&source_impression_id=p3_1718221076_P3D6ZRXnUBvwAR0Y&previous_page_section_name=1000&federated_search_id=212b772e-4a3a-4016-b41d-e803be5a7aba,https://www.airbnb.com/rooms/53544993,Bungalow In Noakhali District ,Chittagong,Begumganj,23.0212,91.09185,"https://www.google.com/maps?q=23.0212,91.09185"
https://www.airbnb.com/rooms/1103370700845826312?adults=1&category_tag=Tag%3A8678&children=0&enable_m3_private_room=true&infants=0&pets=0&photo_id=1861291602&search_mode=regular_search&check_in=2024-06-15&check_out=2024-06-20&source_impression_id=p3_1718221080_P3L8e05gt_fpVSb-&previous_page_section_name=1000&federated_search_id=2d7aa46b-209a-4df6-bc82-248f69e5a0f8,https://www.airbnb.com/rooms/1103370700845826312,Rental Unit In Dinajpur District ,Rangpur Division,Birampur,25.3786,88.9945,"https://www.google.com/maps?q=25.3786,88.9945"
https://www.airbnb.com/rooms/1154322236653986411?adults=1&children=0&enable_m3_private_room=true&infants=0&pets=0&search_mode=regular_search&check_in=2024-06-13&check_out=2024-06-18&source_impression_id=p3_1718221080_P3Vk6GJXnXb7L9u5&previous_page_section_name=1000&federated_search_id=2d7aa46b-209a-4df6-bc82-248f69e5a0f8,https://www.airbnb.com/rooms/1154322236653986411,Home In Syampur Osmanpur Ghoraghat Dinajpur ,Rangpur Division,Birampur,25.3631,89.003,"https://www.google.com/maps?q=25.3631,89.003"
https://www.airbnb.com/rooms/969373873510182959?adults=1&children=0&enable_m3_private_room=true&infants=0&pets=0&search_mode=regular_search&check_in=2024-06-13&check_out=2024-06-18&source_impression_id=p3_1718221097_P3mxspZndECG-dwb&previous_page_section_name=1000&federated_search_id=7080e703-82be-4f2f-b9e6-ede36d156a11,https://www.airbnb.com/rooms/969373873510182959,Condo In Brahmanbaria ,Chittagong,Brahmanbaria,23.978958,91.102848,"https://www.google.com/maps?q=23.978958,91.102848"
https://www.airbnb.com/rooms/1124848790187762481?adults=1&children=0&enable_m3_private_room=true&infants=0&pets=0&search_mode=regular_search&check_in=2024-06-13&check_out=2024-06-18&source_impression_id=p3_1718221097_P3MZOxCEJ7ffUUsF&previous_page_section_name=1000&federated_search_id=7080e703-82be-4f2f-b9e6-ede36d156a11,https://www.airbnb.com/rooms/1124848790187762481,Guesthouse In Sylhet District ,Sylhet Division,Balaganj,24.675,91.778,"https://www.google.com/maps?q=24.675,91.778"
https://www.airbnb.com/rooms/23356855?adults=1&children=0&enable_m3_private_room=true&infants=0&pets=0&search_mode=regular_search&check_in=2024-06-20&check_out=2024-06-25&source_impression_id=p3_1718221097_P39jiOZVDNnx8qRS&previous_page_section_name=1000&federated_search_id=7080e703-82be-4f2f-b9e6-ede36d156a11,https://www.airbnb.com/rooms/23356855,Home In Sreemangal ,Sylhet Division,Srimangal,24.3212,91.7371,"https://www.google.com/maps?q=24.3212,91.7371"
https://www.airbnb.com/rooms/1010074134573313418?adults=1&children=0&enable_m3_private_room=true&infants=0&pets=0&search_mode=regular_search&check_in=2024-06-14&check_out=2024-06-19&source_impression_id=p3_1718221097_P30OpQXGf0YTolqQ&previous_page_section_name=1000&federated_search_id=7080e703-82be-4f2f-b9e6-ede36d156a11,https://www.airbnb.com/rooms/1010074134573313418,Rental Unit In Moulvibazar ,Sylhet Division,Maulavi Bazar,24.48733,91.7624,"https://www.google.com/maps?q=24.48733,91.7624"
https://www.airbnb.com/rooms/24481038?adults=1&children=0&enable_m3_private_room=true&infants=0&pets=0&search_mode=regular_search&check_in=2024-06-13&check_out=2024-06-18&source_impression_id=p3_1718221097_P3WR433sv9PVFXIU&previous_page_section_name=1000&federated_search_id=7080e703-82be-4f2f-b9e6-ede36d156a11,https://www.airbnb.com/rooms/24481038,Bed And Breakfast In Sylhet ,Sylhet Division,Srimangal,24.31011,91.73486,"https://www.google.com/maps?q=24.31011,91.73486"
https://www.airbnb.com/rooms/947068891120611021?adults=1&children=0&enable_m3_private_room=true&infants=0&pets=0&search_mode=regular_search&check_in=2024-06-13&check_out=2024-06-18&source_impression_id=p3_1718221097_P35eLFyGGmls7sOz&previous_page_section_name=1000&federated_search_id=7080e703-82be-4f2f-b9e6-ede36d156a11,https://www.airbnb.com/rooms/947068891120611021,Guesthouse In Sylhet District ,Sylhet Division,Balaganj,24.674623,91.778238,"https://www.google.com/maps?q=24.674623,91.778238"
https://www.airbnb.com/rooms/36972661?adults=1&children=0&enable_m3_private_room=true&infants=0&pets=0&search_mode=regular_search&check_in=2024-06-13&check_out=2024-06-18&source_impression_id=p3_1718221117_P3V1j1o64huBVagf&previous_page_section_name=1000&federated_search_id=a00143af-2513-437d-b9fb-2d38e69464ee,https://www.airbnb.com/rooms/36972661,Resort In Narail District ,Khulna Division,Narail,23.17004,89.51338,"https://www.google.com/maps?q=23.17004,89.51338"
https://www.airbnb.com/rooms/41159141?adults=1&category_tag=Tag%3A8678&children=0&enable_m3_private_room=true&infants=0&pets=0&photo_id=1035482848&search_mode=regular_search&check_in=2024-06-13&check_out=2024-06-18&source_impression_id=p3_1718221121_P3cElpWcxVXHDfVK&previous_page_section_name=1000&federated_search_id=49c2820b-24ec-444c-9adf-4cfc2e895463,https://www.airbnb.com/rooms/41159141,Chalet In Osman Pur ,Rangpur Division,Ghoraghat,25.25524,89.24141,"https://www.google.com/maps?q=25.25524,89.24141"
https://www.airbnb.com/rooms/21832485?adults=1&category_tag=Tag%3A8678&children=0&enable_m3_private_room=true&infants=0&pets=0&photo_id=549604323&search_mode=regular_search&check_in=2024-06-13&check_out=2024-06-18&source_impression_id=p3_1718221121_P34JjYf7QTPBn1bL&previous_page_section_name=1000&federated_search_id=49c2820b-24ec-444c-9adf-4cfc2e895463,https://www.airbnb.com/rooms/21832485,Chalet In Osman Pur ,Rangpur Division,Ghoraghat,25.25473,89.24125,"https://www.google.com/maps?q=25.25473,89.24125"
https://www.airbnb.com/rooms/680269400988284915?adults=1&category_tag=Tag%3A8678&children=0&enable_m3_private_room=true&infants=0&pets=0&photo_id=1456949085&search_mode=regular_search&check_in=2024-06-13&check_out=2024-06-18&source_impression_id=p3_1718221135_P3imfEzIQskcHJQr&previous_page_section_name=1000&federated_search_id=d5a9e847-3f16-43ac-a945-e86f83d35226,https://www.airbnb.com/rooms/680269400988284915,Rental Unit In Mithamain ,Dhaka Division,Mithamain,24.41829,91.06203,"https://www.google.com/maps?q=24.41829,91.06203"
https://www.airbnb.com/rooms/35722167?adults=1&children=0&enable_m3_private_room=true&infants=0&pets=0&search_mode=regular_search&check_in=2024-06-16&check_out=2024-06-21&source_impression_id=p3_1718221136_P3M_uLzql693hrsb&previous_page_section_name=1000&federated_search_id=d5a9e847-3f16-43ac-a945-e86f83d35226,https://www.airbnb.com/rooms/35722167,Villa In Sreepur ,Dhaka Division,Gazipur,24.20732,90.44895,"https://www.google.com/maps?q=24.20732,90.44895"
https://www.airbnb.com/rooms/885266420672229344?adults=1&children=0&enable_m3_private_room=true&infants=0&pets=0&search_mode=regular_search&check_in=2024-06-13&check_out=2024-06-18&source_impression_id=p3_1718221136_P3JDx57O-wEeqo-B&previous_page_section_name=1000&federated_search_id=d5a9e847-3f16-43ac-a945-e86f83d35226,https://www.airbnb.com/rooms/885266420672229344,Rental Unit In Bhairab ,Dhaka Division,Bhairab Bazar,24.054,90.9812,"https://www.google.com/maps?q=24.054,90.9812"
https://www.airbnb.com/rooms/1136626370495751731?adults=1&children=0&enable_m3_private_room=true&infants=0&pets=0&search_mode=regular_search&check_in=2024-06-14&check_out=2024-06-19&source_impression_id=p3_1718221154_P3zxkJ3ufrciHxtI&previous_page_section_name=1000&federated_search_id=0700042e-9aa6-4fe9-ab1c-e3d68863c076,https://www.airbnb.com/rooms/1136626370495751731,Dome In Rowmari ,Rangpur Division,Raumari,25.5776,89.8355,"https://www.google.com/maps?q=25.5776,89.8355"
https://www.airbnb.com/rooms/844662261588714997?adults=1&children=0&enable_m3_private_room=true&infants=0&pets=0&search_mode=regular_search&check_in=2024-06-13&check_out=2024-06-18&source_impression_id=p3_1718221156_P3K8pKec9jS-0cni&previous_page_section_name=1000&federated_search_id=09f1198c-03e0-4537-8632-32ef60c0a212,https://www.airbnb.com/rooms/844662261588714997,Home In Tungipara ,Dhaka Division,Tungipara,22.9073,89.8985,"https://www.google.com/maps?q=22.9073,89.8985"
https://www.airbnb.com/rooms/48636110?adults=1&category_tag=Tag%3A8678&children=0&enable_m3_private_room=true&infants=0&pets=0&photo_id=1145848429&search_mode=regular_search&check_in=2024-06-20&check_out=2024-06-25&source_impression_id=p3_1718221183_P3nm5UO0O_Ym5C2i&previous_page_section_name=1000&federated_search_id=d0a957eb-7658-492d-a4e4-4158142bce83,https://www.airbnb.com/rooms/48636110,Villa In Joypurhat ,Rajshahi Division,Joypur Hat,25.09859,89.03448,"https://www.google.com/maps?q=25.09859,89.03448"
https://www.airbnb.com/rooms/824665119949246159?adults=1&children=0&enable_m3_private_room=true&infants=0&pets=0&search_mode=regular_search&check_in=2024-06-13&check_out=2024-06-18&source_impression_id=p3_1718221183_P3xq0zrvLcTIkvB_&previous_page_section_name=1000&federated_search_id=d0a957eb-7658-492d-a4e4-4158142bce83,https://www.airbnb.com/rooms/824665119949246159,Farm Stay In Naogaon District ,Rajshahi Division,Porsha,24.9702,88.4824,"https://www.google.com/maps?q=24.9702,88.4824"
https://www.airbnb.com/rooms/35744697?adults=1&category_tag=Tag%3A8678&children=0&enable_m3_private_room=true&infants=0&pets=0&photo_id=1266751743&search_mode=regular_search&check_in=2024-06-13&check_out=2024-06-18&source_impression_id=p3_1718221183_P3FdOPA_SSQ_SaqO&previous_page_section_name=1000&federated_search_id=d0a957eb-7658-492d-a4e4-4158142bce83,https://www.airbnb.com/rooms/35744697,Villa In ওসমানপুর ,Rangpur Division,Ghoraghat,25.25289,89.2477,"https://www.google.com/maps?q=25.25289,89.2477"
https://www.airbnb.com/rooms/814191274269285237?adults=1&children=0&enable_m3_private_room=true&infants=0&pets=0&search_mode=regular_search&check_in=2024-06-13&check_out=2024-06-18&source_impression_id=p3_1718221202_P3qhtzMjsPYw3OZ8&previous_page_section_name=1000&federated_search_id=f296c145-545f-41fb-8f30-df92e857838f,https://www.airbnb.com/rooms/814191274269285237,Serviced Apartment In Narsingdi District ,Dhaka Division,Narsingdi,23.9337,90.71311,"https://www.google.com/maps?q=23.9337,90.71311"
https://www.airbnb.com/rooms/910797189433060215?adults=1&children=0&enable_m3_private_room=true&infants=0&pets=0&search_mode=regular_search&check_in=2024-06-13&check_out=2024-06-18&source_impression_id=p3_1718221202_P3o3FlE5_CzxQXGJ&previous_page_section_name=1000&federated_search_id=f296c145-545f-41fb-8f30-df92e857838f,https://www.airbnb.com/rooms/910797189433060215,Rental Unit In Dhaka ,Dhaka Division,Narsingdi,23.9275,90.7038,"https://www.google.com/maps?q=23.9275,90.7038"
https://www.airbnb.com/rooms/48536630?adults=1&category_tag=Tag%3A8678&children=0&enable_m3_private_room=true&infants=0&pets=0&photo_id=1413123978&search_mode=regular_search&check_in=2024-06-13&check_out=2024-06-18&source_impression_id=p3_1718221215_P3v1VsledZaJFe1p&previous_page_section_name=1000&federated_search_id=36476da2-6be1-47bb-bd8b-8fe2811f982a,https://www.airbnb.com/rooms/48536630,Home In Ekduaria ,Dhaka Division,Monohardi Upazila,24.07386,90.72435,"https://www.google.com/maps?q=24.07386,90.72435"
https://www.airbnb.com/rooms/1063480377820484299?adults=1&children=0&enable_m3_private_room=true&infants=0&pets=0&search_mode=regular_search&check_in=2024-06-14&check_out=2024-06-19&source_impression_id=p3_1718221218_P3S2u7CmyDEGBWHh&previous_page_section_name=1000&federated_search_id=4e005bc5-b987-4512-9647-2ec01f540d3d,https://www.airbnb.com/rooms/1063480377820484299,Guesthouse In Palash ,Dhaka Division,Palash,23.984813,90.658654,"https://www.google.com/maps?q=23.984813,90.658654"
https://www.airbnb.com/rooms/42009662?adults=1&children=0&enable_m3_private_room=true&infants=0&pets=0&search_mode=regular_search&check_in=2024-06-13&check_out=2024-06-18&source_impression_id=p3_1718221226_P3HLDLXtZou0IcIr&previous_page_section_name=1000&federated_search_id=e62f088f-4898-4dcd-b4e0-2cd9763856b8,https://www.airbnb.com/rooms/42009662,Farm Stay In Bangladesh ,Dhaka Division,Sonargaon,23.6222,90.5706,"https://www.google.com/maps?q=23.6222,90.5706"
https://www.airbnb.com/rooms/952843687503471937?adults=1&children=0&enable_m3_private_room=true&infants=0&pets=0&search_mode=regular_search&check_in=2024-06-13&check_out=2024-06-18&source_impression_id=p3_1718221228_P3kjONO-fg7U9CSm&previous_page_section_name=1000&federated_search_id=15d170f1-b56c-4dc8-a7ab-cac9ad80391b,https://www.airbnb.com/rooms/952843687503471937,Home In Narayangaj ,Dhaka Division,Narayanganj,23.608146,90.48841,"https://www.google.com/maps?q=23.608146,90.48841"
https://www.airbnb.com/rooms/816338628040177873?adults=1&children=0&enable_m3_private_room=true&infants=0&pets=0&search_mode=regular_search&check_in=2024-06-13&check_out=2024-06-18&source_impression_id=p3_1718221228_P35s8v7aOLeKKctu&previous_page_section_name=1000&federated_search_id=15d170f1-b56c-4dc8-a7ab-cac9ad80391b,https://www.airbnb.com/rooms/816338628040177873,Farm Stay In Kaliganj ,Dhaka Division,Kaliganj,23.9793,90.5438,"https://www.google.com/maps?q=23.9793,90.5438"
https://www.airbnb.com/rooms/805533226598513194?adults=1&children=0&enable_m3_private_room=true&infants=0&pets=0&search_mode=regular_search&check_in=2024-06-13&check_out=2024-06-18&source_impression_id=p3_1718221233_P3logfhQM2bZn6gD&previous_page_section_name=1000&federated_search_id=69b9c91a-a875-499b-aa18-8d477a641ab0,https://www.airbnb.com/rooms/805533226598513194,Villa In Kaliganj ,Dhaka Division,Kaliganj,23.9621,90.549,"https://www.google.com/maps?q=23.9621,90.549"
https://www.airbnb.com/rooms/1151968191563514964?adults=1&children=0&enable_m3_private_room=true&infants=0&pets=0&search_mode=regular_search&check_in=2024-06-14&check_out=2024-06-19&source_impression_id=p3_1718221235_P3cc874BdOdTZh37&previous_page_section_name=1000&federated_search_id=24a226bd-2ad8-4802-b2b0-55cec23df9d6,https://www.airbnb.com/rooms/1151968191563514964,Farm Stay In Bamonsur ,Dhaka Division,Keraniganj,23.7136,90.3426,"https://www.google.com/maps?q=23.7136,90.3426"
https://www.airbnb.com/rooms/53029575?adults=1&category_tag=Tag%3A8678&children=0&enable_m3_private_room=true&infants=0&pets=0&photo_id=1275184045&search_mode=regular_search&check_in=2024-06-13&check_out=2024-06-18&source_impression_id=p3_1718221251_P3IICXy8wtSjXz8y&previous_page_section_name=1000&federated_search_id=b7617fe7-a7d1-48a5-82a1-a12ad1544d88,https://www.airbnb.com/rooms/53029575,Vacation Home In Phulbari ,Rangpur Division,Phulbari,25.498272,88.958623,"https://www.google.com/maps?q=25.498272,88.958623"
https://www.airbnb.com/rooms/42014032?adults=1&category_tag=Tag%3A8678&children=0&enable_m3_private_room=true&infants=0&pets=0&photo_id=961569710&search_mode=regular_search&check_in=2024-06-14&check_out=2024-06-19&source_impression_id=p3_1718221251_P3gC3yrLeOYimgy7&previous_page_section_name=1000&federated_search_id=b7617fe7-a7d1-48a5-82a1-a12ad1544d88,https://www.airbnb.com/rooms/42014032,Rental Unit In Rangpur ,Rangpur Division,Rangpur,25.75673,89.23244,"https://www.google.com/maps?q=25.75673,89.23244"
https://www.airbnb.com/rooms/915984006941861217?adults=1&category_tag=Tag%3A8678&children=0&enable_m3_private_room=true&infants=0&pets=0&photo_id=1677509088&search_mode=regular_search&check_in=2024-06-13&check_out=2024-06-18&source_impression_id=p3_1718221251_P3BV_P-CrWpB4CS_&previous_page_section_name=1000&federated_search_id=b7617fe7-a7d1-48a5-82a1-a12ad1544d88,https://www.airbnb.com/rooms/915984006941861217,Cabin In Rangpur ,Rangpur Division,Rangpur,25.75893,89.25275,"https://www.google.com/maps?q=25.75893,89.25275"
https://www.airbnb.com/rooms/1142310893912003257?adults=1&category_tag=Tag%3A8678&children=0&enable_m3_private_room=true&infants=0&pets=0&photo_id=1899975043&search_mode=regular_search&check_in=2024-06-14&check_out=2024-06-19&source_impression_id=p3_1718221251_P3kupV2UsQN7Tx6Z&previous_page_section_name=1000&federated_search_id=b7617fe7-a7d1-48a5-82a1-a12ad1544d88,https://www.airbnb.com/rooms/1142310893912003257,Rental Unit In Rangpur ,Rangpur Division,Rangpur,25.750109,89.243318,"https://www.google.com/maps?q=25.750109,89.243318"
https://www.airbnb.com/rooms/1113656137930255738?adults=1&category_tag=Tag%3A8678&children=0&enable_m3_private_room=true&infants=0&pets=0&photo_id=1862454553&search_mode=regular_search&check_in=2024-06-14&check_out=2024-06-19&source_impression_id=p3_1718221251_P3QOJ65ELQmbxcP8&previous_page_section_name=1000&federated_search_id=b7617fe7-a7d1-48a5-82a1-a12ad1544d88,https://www.airbnb.com/rooms/1113656137930255738,Home In Rangpur Sadar Upazila ,Rangpur Division,Rangpur,25.744582,89.274427,"https://www.google.com/maps?q=25.744582,89.274427"
https://www.airbnb.com/rooms/41386882?adults=1&category_tag=Tag%3A8678&children=0&enable_m3_private_room=true&infants=0&pets=0&photo_id=945097693&search_mode=regular_search&check_in=2024-06-13&check_out=2024-06-18&source_impression_id=p3_1718221251_P3-cQGjJA_o8kusc&previous_page_section_name=1000&federated_search_id=b7617fe7-a7d1-48a5-82a1-a12ad1544d88,https://www.airbnb.com/rooms/41386882,Home In Rangpur ,Rangpur Division,Rangpur,25.75146,89.2668,"https://www.google.com/maps?q=25.75146,89.2668"
https://www.airbnb.com/rooms/44174404?adults=1&children=0&enable_m3_private_room=true&infants=0&pets=0&search_mode=regular_search&check_in=2024-06-13&check_out=2024-06-18&source_impression_id=p3_1718221251_P3yF5KBY1HdRQtl3&previous_page_section_name=1000&federated_search_id=b7617fe7-a7d1-48a5-82a1-a12ad1544d88,https://www.airbnb.com/rooms/44174404,Rental Unit In Dinajpur District ,Rangpur Division,Nawabganj,25.51453,89.03717,"https://www.google.com/maps?q=25.51453,89.03717"
https://www.airbnb.com/rooms/29513174?adults=1&category_tag=Tag%3A8678&children=0&enable_m3_private_room=true&infants=0&pets=0&photo_id=893629247&search_mode=regular_search&check_in=2024-06-13&check_out=2024-06-18&source_impression_id=p3_1718221258_P3t_Z7xejC0kJkrY&previous_page_section_name=1000&federated_search_id=2ef3b97e-cc0b-47c3-ae7d-e6ccb1debc36,https://www.airbnb.com/rooms/29513174,Rental Unit In Kushtia ,Khulna Division,Kushtia,23.90729,89.1362,"https://www.google.com/maps?q=23.90729,89.1362"
https://www.airbnb.com/rooms/45299191?adults=1&category_tag=Tag%3A8678&children=0&enable_m3_private_room=true&infants=0&pets=0&photo_id=1200432076&search_mode=regular_search&check_in=2024-06-14&check_out=2024-06-19&source_impression_id=p3_1718221258_P3p7xmiKmHbAc6vZ&previous_page_section_name=1000&federated_search_id=2ef3b97e-cc0b-47c3-ae7d-e6ccb1debc36,https://www.airbnb.com/rooms/45299191,Casa Particular In Ishurdi ,Rajshahi Division,Ishwardi,24.1288,89.07735,"https://www.google.com/maps?q=24.1288,89.07735"
https://www.airbnb.com/rooms/791652159197758207?adults=1&children=0&enable_m3_private_room=true&infants=0&pets=0&search_mode=regular_search&check_in=2024-06-13&check_out=2024-06-18&source_impression_id=p3_1718221288_P3qASAtmHe60jUIa&previous_page_section_name=1000&federated_search_id=9e6d271e-bdc4-4057-98cd-7da972aa2369,https://www.airbnb.com/rooms/791652159197758207,Home In Patuakhali District ,Barisal Division,Bauphal,22.3548,90.602,"https://www.google.com/maps?q=22.3548,90.602"
https://www.airbnb.com/rooms/1112785500972793556?adults=1&children=0&enable_m3_private_room=true&infants=0&pets=0&search_mode=regular_search&check_in=2024-06-13&check_out=2024-06-18&source_impression_id=p3_1718221288_P3mPa0ONN0Z8E0T7&previous_page_section_name=1000&federated_search_id=9e6d271e-bdc4-4057-98cd-7da972aa2369,https://www.airbnb.com/rooms/1112785500972793556,Rental Unit In Barishal ,Barisal Division,Barishal,22.703678,90.370602,"https://www.google.com/maps?q=22.703678,90.370602"
https://www.airbnb.com/rooms/724234237151142802?adults=1&children=0&enable_m3_private_room=true&infants=0&pets=0&search_mode=regular_search&check_in=2024-06-14&check_out=2024-06-19&source_impression_id=p3_1718221288_P37MHbzG9uZO2zTM&previous_page_section_name=1000&federated_search_id=9e6d271e-bdc4-4057-98cd-7da972aa2369,https://www.airbnb.com/rooms/724234237151142802,Farm Stay In Nalchhiti ,Barisal Division,Nalchity,22.65226,90.26108,"https://www.google.com/maps?q=22.65226,90.26108"
https://www.airbnb.com/rooms/831498226164807892?adults=1&category_tag=Tag%3A8678&children=0&enable_m3_private_room=true&infants=0&pets=0&photo_id=1676852896&search_mode=regular_search&check_in=2024-06-13&check_out=2024-06-18&source_impression_id=p3_1718221288_P3RK2FOBC1mdnSpD&previous_page_section_name=1000&federated_search_id=9e6d271e-bdc4-4057-98cd-7da972aa2369,https://www.airbnb.com/rooms/831498226164807892,Rental Unit In Bhola District ,Barisal Division,Bhola,22.6776,90.6429,"https://www.google.com/maps?q=22.6776,90.6429"
https://www.airbnb.com/rooms/777483551019635480?adults=1&category_tag=Tag%3A8678&children=0&enable_m3_private_room=true&infants=0&pets=0&photo_id=1542540561&search_mode=regular_search&check_in=2024-06-13&check_out=2024-06-18&source_impression_id=p3_1718221288_P3NqzZnZiNmQQz4X&previous_page_section_name=1000&federated_search_id=9e6d271e-bdc4-4057-98cd-7da972aa2369,https://www.airbnb.com/rooms/777483551019635480,Home In Barisal ,Barisal Division,Barishal,22.69504,90.3618,"https://www.google.com/maps?q=22.69504,90.3618"
https://www.airbnb.com/rooms/1025750384639579139?adults=1&category_tag=Tag%3A8678&children=0&enable_m3_private_room=true&infants=0&pets=0&photo_id=1781342904&search_mode=regular_search&check_in=2024-06-13&check_out=2024-06-18&source_impression_id=p3_1718221288_P36LFf2VPhQ4i3fJ&previous_page_section_name=1000&federated_search_id=9e6d271e-bdc4-4057-98cd-7da972aa2369,https://www.airbnb.com/rooms/1025750384639579139,Home In Fakirhat ,Khulna Division,Fakirhat,22.778333,89.724451,"https://www.google.com/maps?q=22.778333,89.724451"
https://www.airbnb.com/rooms/52017590?adults=1&children=0&enable_m3_private_room=true&infants=0&pets=0&search_mode=regular_search&check_in=2024-06-13&check_out=2024-06-18&source_impression_id=p3_1718221288_P3P9OJzmt0kpaAgs&previous_page_section_name=1000&federated_search_id=9e6d271e-bdc4-4057-98cd-7da972aa2369,https://www.airbnb.com/rooms/52017590,Villa In Bagerhat District ,Khulna Division,Kachua,22.59,89.8484,"https://www.google.com/maps?q=22.59,89.8484"
https://www.airbnb.com/rooms/1130182980070373334?adults=1&children=0&enable_m3_private_room=true&infants=0&pets=0&search_mode=regular_search&check_in=2024-06-14&check_out=2024-06-19&source_impression_id=p3_1718221288_P3EIvSRTp-j4P0bO&previous_page_section_name=1000&federated_search_id=9e6d271e-bdc4-4057-98cd-7da972aa2369,https://www.airbnb.com/rooms/1130182980070373334,Rental Unit In Barisal ,Barisal Division,Barishal,22.702143,90.371497,"https://www.google.com/maps?q=22.702143,90.371497"
https://www.airbnb.com/rooms/53844727?adults=1&children=0&enable_m3_private_room=true&infants=0&pets=0&search_mode=regular_search&check_in=2024-06-13&check_out=2024-06-18&source_impression_id=p3_1718221288_P3rJNdYbF3usCzz_&previous_page_section_name=1000&federated_search_id=9e6d271e-bdc4-4057-98cd-7da972aa2369,https://www.airbnb.com/rooms/53844727,Hotel In কলাপাড়া ,Barisal Division,Kalapara,21.81805,90.12149,"https://www.google.com/maps?q=21.81805,90.12149"
https://www.airbnb.com/rooms/31699739?adults=1&category_tag=Tag%3A8678&children=0&enable_m3_private_room=true&infants=0&pets=0&photo_id=661643306&search_mode=regular_search&check_in=2024-06-16&check_out=2024-06-21&source_impression_id=p3_1718486018_P3SvlItDHxwAvQpW&previous_page_section_name=1000&federated_search_id=119410bb-bf45-4f8d-8ad1-aba70806998d,https://www.airbnb.com/rooms/31699739,Home In Mymensingh ,Mymensingh Division,Mymensingh,24.77814,90.36833,"https://www.google.com/maps?q=24.77814,90.36833"
https://www.airbnb.com/rooms/940520727742642444?adults=1&children=0&enable_m3_private_room=true&infants=0&pets=0&search_mode=regular_search&check_in=2024-06-17&check_out=2024-06-22&source_impression_id=p3_1718486019_P3r6xLzKinFxRJRB&previous_page_section_name=1000&federated_search_id=119410bb-bf45-4f8d-8ad1-aba70806998d,https://www.airbnb.com/rooms/940520727742642444,Resort In Beltoli ,Mymensingh Division,Mymensingh,24.69814,90.43341,"https://www.google.com/maps?q=24.69814,90.43341"
https://www.airbnb.com/rooms/1046307793726993129?adults=1&category_tag=Tag%3A8678&children=0&enable_m3_private_room=true&infants=0&pets=0&photo_id=1801267046&search_mode=regular_search&check_in=2024-06-17&check_out=2024-06-22&source_impression_id=p3_1718486019_P3c_8klGP_XzmpKN&previous_page_section_name=1000&federated_search_id=119410bb-bf45-4f8d-8ad1-aba70806998d,https://www.airbnb.com/rooms/1046307793726993129,Rental Unit In Mymensingh ,Mymensingh Division,Mymensingh,24.7571,90.4012,"https://www.google.com/maps?q=24.7571,90.4012"
https://www.airbnb.com/rooms/939792213264586127?adults=1&children=0&enable_m3_private_room=true&infants=0&pets=0&search_mode=regular_search&check_in=2024-06-17&check_out=2024-06-22&source_impression_id=p3_1718486019_P3Fcg8NvfpVIrWM9&previous_page_section_name=1000&federated_search_id=119410bb-bf45-4f8d-8ad1-aba70806998d,https://www.airbnb.com/rooms/939792213264586127,Resort In Mymensingh ,Mymensingh Division,Mymensingh,24.757807,90.394817,"https://www.google.com/maps?q=24.757807,90.394817"
https://www.airbnb.com/rooms/939792448900449118?adults=1&children=0&enable_m3_private_room=true&infants=0&pets=0&search_mode=regular_search&check_in=2024-06-17&check_out=2024-06-22&source_impression_id=p3_1718486019_P32di7nLDvQVAZtY&previous_page_section_name=1000&federated_search_id=119410bb-bf45-4f8d-8ad1-aba70806998d,https://www.airbnb.com/rooms/939792448900449118,Resort In Mymensingh ,Mymensingh Division,Mymensingh,24.757011,90.394424,"https://www.google.com/maps?q=24.757011,90.394424"
https://www.airbnb.com/rooms/41777583?adults=1&category_tag=Tag%3A8678&children=0&enable_m3_private_room=true&infants=0&pets=0&photo_id=1091126580&search_mode=regular_search&check_in=2024-06-18&check_out=2024-06-23&source_impression_id=p3_1718486019_P3spRe4-hXngbiRu&previous_page_section_name=1000&federated_search_id=119410bb-bf45-4f8d-8ad1-aba70806998d,https://www.airbnb.com/rooms/41777583,Earthen Home In Muktagacha ,Mymensingh Division,Muktagacha,24.76389,90.25014,"https://www.google.com/maps?q=24.76389,90.25014"
https://www.airbnb.com/rooms/941751079586715123?adults=1&children=0&enable_m3_private_room=true&infants=0&pets=0&search_mode=regular_search&check_in=2024-06-16&check_out=2024-06-21&source_impression_id=p3_1718486019_P3l5xVjj1KQ0Ys-C&previous_page_section_name=1000&federated_search_id=119410bb-bf45-4f8d-8ad1-aba70806998d,https://www.airbnb.com/rooms/941751079586715123,Home In Mymensingh Division ,Mymensingh Division,Mymensingh,24.752948,90.406586,"https://www.google.com/maps?q=24.752948,90.406586"
https://www.airbnb.com/rooms/955623987767088895?adults=1&children=0&enable_m3_private_room=true&infants=0&pets=0&search_mode=regular_search&check_in=2024-06-17&check_out=2024-06-22&source_impression_id=p3_1718486019_P3gRUcUCrNho_vFv&previous_page_section_name=1000&federated_search_id=119410bb-bf45-4f8d-8ad1-aba70806998d,https://www.airbnb.com/rooms/955623987767088895,Resort In Mymensingh ,Mymensingh Division,Mymensingh,24.756289,90.394372,"https://www.google.com/maps?q=24.756289,90.394372"
https://www.airbnb.com/rooms/939792560459807640?adults=1&children=0&enable_m3_private_room=true&infants=0&pets=0&search_mode=regular_search&check_in=2024-06-17&check_out=2024-06-22&source_impression_id=p3_1718486019_P3lj7DBHEH7yi-7u&previous_page_section_name=1000&federated_search_id=119410bb-bf45-4f8d-8ad1-aba70806998d,https://www.airbnb.com/rooms/939792560459807640,Resort In Mymensingh ,Mymensingh Division,Mymensingh,24.7574,90.3939,"https://www.google.com/maps?q=24.7574,90.3939"
https://www.airbnb.com/rooms/955586334811661891?adults=1&children=0&enable_m3_private_room=true&infants=0&pets=0&search_mode=regular_search&check_in=2024-06-17&check_out=2024-06-22&source_impression_id=p3_1718486019_P3bB7hZmcBhZmy8C&previous_page_section_name=1000&federated_search_id=119410bb-bf45-4f8d-8ad1-aba70806998d,https://www.airbnb.com/rooms/955586334811661891,Resort In Mymensingh ,Mymensingh Division,Mymensingh,24.756345,90.394433,"https://www.google.com/maps?q=24.756345,90.394433"
https://www.airbnb.com/rooms/52414967?adults=1&children=0&enable_m3_private_room=true&infants=0&pets=0&search_mode=regular_search&check_in=2024-06-18&check_out=2024-06-23&source_impression_id=p3_1718486019_P3kZjAa4lrGX0irT&previous_page_section_name=1000&federated_search_id=119410bb-bf45-4f8d-8ad1-aba70806998d,https://www.airbnb.com/rooms/52414967,Resort In Mymensingh ,Mymensingh Division,Mymensingh,24.75627,90.394926,"https://www.google.com/maps?q=24.75627,90.394926"
https://www.airbnb.com/rooms/956543652446497437?adults=1&children=0&enable_m3_private_room=true&infants=0&pets=0&search_mode=regular_search&check_in=2024-06-17&check_out=2024-06-22&source_impression_id=p3_1718486019_P3TdfndiPuHaDGqO&previous_page_section_name=1000&federated_search_id=119410bb-bf45-4f8d-8ad1-aba70806998d,https://www.airbnb.com/rooms/956543652446497437,Resort In Mymensingh ,Mymensingh Division,Mymensingh,24.758509,90.393363,"https://www.google.com/maps?q=24.758509,90.393363"
https://www.airbnb.com/rooms/956326831650304461?adults=1&children=0&enable_m3_private_room=true&infants=0&pets=0&search_mode=regular_search&check_in=2024-06-17&check_out=2024-06-22&source_impression_id=p3_1718486019_P38PgZUf1_Hfh0ET&previous_page_section_name=1000&federated_search_id=119410bb-bf45-4f8d-8ad1-aba70806998d,https://www.airbnb.com/rooms/956326831650304461,Resort In Mymensingh ,Mymensingh Division,Mymensingh,24.757177,90.394541,"https://www.google.com/maps?q=24.757177,90.394541"
https://www.airbnb.com/rooms/956303219684413120?adults=1&children=0&enable_m3_private_room=true&infants=0&pets=0&search_mode=regular_search&check_in=2024-06-17&check_out=2024-06-22&source_impression_id=p3_1718486019_P3vM1Xlw8R7Lpm6b&previous_page_section_name=1000&federated_search_id=119410bb-bf45-4f8d-8ad1-aba70806998d,https://www.airbnb.com/rooms/956303219684413120,Resort In Mymensingh ,Mymensingh Division,Mymensingh,24.758016,90.393486,"https://www.google.com/maps?q=24.758016,90.393486"
https://www.airbnb.com/rooms/956527927903404195?adults=1&children=0&enable_m3_private_room=true&infants=0&pets=0&search_mode=regular_search&check_in=2024-06-17&check_out=2024-06-22&source_impression_id=p3_1718486019_P3Y7U29QJdn6_lPz&previous_page_section_name=1000&federated_search_id=119410bb-bf45-4f8d-8ad1-aba70806998d,https://www.airbnb.com/rooms/956527927903404195,Resort In Mymensingh ,Mymensingh Division,Mymensingh,24.757694,90.39289,"https://www.google.com/maps?q=24.757694,90.39289"
https://www.airbnb.com/rooms/1140986695871459144?adults=1&children=0&enable_m3_private_room=true&infants=0&pets=0&search_mode=regular_search&check_in=2024-06-16&check_out=2024-06-21&source_impression_id=p3_1718486026_P3lkBNUzUtrLMbR3&previous_page_section_name=1000&federated_search_id=cfeb1c1b-92a1-44a9-a5bb-947256db21e1,https://www.airbnb.com/rooms/1140986695871459144,Rental Unit In Netrokona ,Mymensingh Division,Netrakona,24.8885,90.7156,"https://www.google.com/maps?q=24.8885,90.7156"
https://www.airbnb.com/rooms/725826115252308348?adults=1&category_tag=Tag%3A8678&children=0&enable_m3_private_room=true&infants=0&pets=0&photo_id=1499252111&search_mode=regular_search&check_in=2024-06-16&check_out=2024-06-21&source_impression_id=p3_1718486027_P3nzt3NXGNlO0_0T&previous_page_section_name=1000&federated_search_id=cfeb1c1b-92a1-44a9-a5bb-947256db21e1,https://www.airbnb.com/rooms/725826115252308348,Rental Unit In Netrakona ,Mymensingh Division,Netrakona,24.87191,90.72755,"https://www.google.com/maps?q=24.87191,90.72755"
https://www.airbnb.com/rooms/654626035121764171?adults=1&category_tag=Tag%3A8678&children=0&enable_m3_private_room=true&infants=0&pets=0&photo_id=1428960591&search_mode=regular_search&check_in=2024-06-16&check_out=2024-06-21&source_impression_id=p3_1718486027_P3LMtL2OKDIIpd15&previous_page_section_name=1000&federated_search_id=cfeb1c1b-92a1-44a9-a5bb-947256db21e1,https://www.airbnb.com/rooms/654626035121764171,Farm Stay In Netrokona District ,Mymensingh Division,Netrakona,24.8451,90.7311,"https://www.google.com/maps?q=24.8451,90.7311"
https://www.airbnb.com/rooms/49623463?adults=1&children=0&enable_m3_private_room=true&infants=0&pets=0&search_mode=regular_search&check_in=2024-06-16&check_out=2024-06-21&source_impression_id=p3_1718486027_P3SzcEpy7dlqviUw&previous_page_section_name=1000&federated_search_id=cfeb1c1b-92a1-44a9-a5bb-947256db21e1,https://www.airbnb.com/rooms/49623463,Townhouse In Mymensingh Division ,Mymensingh Division,Netrakona,24.86086,90.73154,"https://www.google.com/maps?q=24.86086,90.73154"
https://www.airbnb.com/rooms/836587062747611135?adults=1&children=0&enable_m3_private_room=true&infants=0&pets=0&search_mode=regular_search&check_in=2024-06-16&check_out=2024-06-21&source_impression_id=p3_1718486034_P3sh54Rp_hFaQ3vi&previous_page_section_name=1000&federated_search_id=34618739-5f2a-448b-8901-723da944967c,https://www.airbnb.com/rooms/836587062747611135,Home In Gaibandha ,Rangpur Division,Gaibandha,25.329,89.5415,"https://www.google.com/maps?q=25.329,89.5415"
https://www.airbnb.com/rooms/638716624731813872?adults=1&children=0&enable_m3_private_room=true&infants=0&pets=0&search_mode=regular_search&check_in=2024-06-16&check_out=2024-06-21&source_impression_id=p3_1718486035_P32bNqs0WGb9SzUa&previous_page_section_name=1000&federated_search_id=34618739-5f2a-448b-8901-723da944967c,https://www.airbnb.com/rooms/638716624731813872,Boutique Hotel In Gaibandha District ,Rangpur Division,Gaibandha,25.3092,89.5427,"https://www.google.com/maps?q=25.3092,89.5427"
https://www.airbnb.com/rooms/638718552623369414?adults=1&children=0&enable_m3_private_room=true&infants=0&pets=0&search_mode=regular_search&check_in=2024-06-16&check_out=2024-06-21&source_impression_id=p3_1718486035_P3-ol6zyXCqRVaTh&previous_page_section_name=1000&federated_search_id=34618739-5f2a-448b-8901-723da944967c,https://www.airbnb.com/rooms/638718552623369414,Boutique Hotel In Gaibandha District ,Rangpur Division,Gaibandha,25.309,89.5427,"https://www.google.com/maps?q=25.309,89.5427"
https://www.airbnb.com/rooms/638711240460238783?adults=1&children=0&enable_m3_private_room=true&infants=0&pets=0&search_mode=regular_search&check_in=2024-06-16&check_out=2024-06-21&source_impression_id=p3_1718486035_P3N50QxH2DN2OqXc&previous_page_section_name=1000&federated_search_id=34618739-5f2a-448b-8901-723da944967c,https://www.airbnb.com/rooms/638711240460238783,Boutique Hotel In Gaibandha District ,Rangpur Division,Gaibandha,25.3092,89.5426,"https://www.google.com/maps?q=25.3092,89.5426"
https://www.airbnb.com/rooms/638704491500443775?adults=1&children=0&enable_m3_private_room=true&infants=0&pets=0&search_mode=regular_search&check_in=2024-06-16&check_out=2024-06-21&source_impression_id=p3_1718486035_P3atX7-k6XFJYwtB&previous_page_section_name=1000&federated_search_id=34618739-5f2a-448b-8901-723da944967c,https://www.airbnb.com/rooms/638704491500443775,Boutique Hotel In Gaibandha District ,Rangpur Division,Gaibandha,25.3092,89.5427,"https://www.google.com/maps?q=25.3092,89.5427"
https://www.airbnb.com/rooms/638706522261823289?adults=1&children=0&enable_m3_private_room=true&infants=0&pets=0&search_mode=regular_search&check_in=2024-06-16&check_out=2024-06-21&source_impression_id=p3_1718486035_P39tPzVcEPqCSIKH&previous_page_section_name=1000&federated_search_id=34618739-5f2a-448b-8901-723da944967c,https://www.airbnb.com/rooms/638706522261823289,Boutique Hotel In Gaibandha District ,Rangpur Division,Gaibandha,25.3091,89.5426,"https://www.google.com/maps?q=25.3091,89.5426"
https://www.airbnb.com/rooms/638725583766791107?adults=1&children=0&enable_m3_private_room=true&infants=0&pets=0&search_mode=regular_search&check_in=2024-06-16&check_out=2024-06-21&source_impression_id=p3_1718486035_P3wQ_tdwq7-twH_t&previous_page_section_name=1000&federated_search_id=34618739-5f2a-448b-8901-723da944967c,https://www.airbnb.com/rooms/638725583766791107,Boutique Hotel In Gaibandha District ,Rangpur Division,Gaibandha,25.309,89.5425,"https://www.google.com/maps?q=25.309,89.5425"
https://www.airbnb.com/rooms/638729505098617775?adults=1&children=0&enable_m3_private_room=true&infants=0&pets=0&search_mode=regular_search&check_in=2024-06-16&check_out=2024-06-21&source_impression_id=p3_1718486035_P30WByEU_WoQdBrZ&previous_page_section_name=1000&federated_search_id=34618739-5f2a-448b-8901-723da944967c,https://www.airbnb.com/rooms/638729505098617775,Boutique Hotel In Gaibandha District ,Rangpur Division,Gaibandha,25.309,89.5427,"https://www.google.com/maps?q=25.309,89.5427"
https://www.airbnb.com/rooms/638702274145385636?adults=1&children=0&enable_m3_private_room=true&infants=0&pets=0&search_mode=regular_search&check_in=2024-06-16&check_out=2024-06-21&source_impression_id=p3_1718486035_P3VPjG6H-qRtpZg_&previous_page_section_name=1000&federated_search_id=34618739-5f2a-448b-8901-723da944967c,https://www.airbnb.com/rooms/638702274145385636,Boutique Hotel In Gaibandha District ,Rangpur Division,Gaibandha,25.3088,89.5426,"https://www.google.com/maps?q=25.3088,89.5426"
https://www.airbnb.com/rooms/638689738643900580?adults=1&children=0&enable_m3_private_room=true&infants=0&pets=0&search_mode=regular_search&check_in=2024-06-16&check_out=2024-06-21&source_impression_id=p3_1718486035_P3c_I9PgMBjjhqj4&previous_page_section_name=1000&federated_search_id=34618739-5f2a-448b-8901-723da944967c,https://www.airbnb.com/rooms/638689738643900580,Boutique Hotel In Gaibandha District ,Rangpur Division,Gaibandha,25.3097,89.5427,"https://www.google.com/maps?q=25.3097,89.5427"
https://www.airbnb.com/rooms/735174287030099737?adults=1&category_tag=Tag%3A8678&children=0&enable_m3_private_room=true&infants=0&pets=0&photo_id=1506611006&search_mode=regular_search&check_in=2024-06-19&check_out=2024-06-24&source_impression_id=p3_1718486042_P3cHgEf0y1C05f2z&previous_page_section_name=1000&federated_search_id=45ff52ff-3934-450d-9d3c-68a8d531aab2,https://www.airbnb.com/rooms/735174287030099737,Villa In Naogaon District ,Rajshahi Division,Manda,24.7006,88.6778,"https://www.google.com/maps?q=24.7006,88.6778"
https://www.airbnb.com/rooms/1175214460949119039?adults=1&children=0&enable_m3_private_room=true&infants=0&pets=0&search_mode=regular_search&check_in=2024-06-16&check_out=2024-06-21&source_impression_id=p3_1718486053_P3E32cdDmPURrkdi&previous_page_section_name=1000&federated_search_id=4d836451-1752-4671-a38f-6474f1b114a1,https://www.airbnb.com/rooms/1175214460949119039,Condo In Sylhet ,Sylhet Division,South Surma,24.8764,91.8566,"https://www.google.com/maps?q=24.8764,91.8566"
https://www.airbnb.com/rooms/1145430286098826789?adults=1&children=0&enable_m3_private_room=true&infants=0&pets=0&search_mode=regular_search&check_in=2024-06-17&check_out=2024-06-22&source_impression_id=p3_1718486057_P3vRzL0F1eabk6zP&previous_page_section_name=1000&federated_search_id=e15639e4-d2c5-4b22-8636-d2d986e0d3fd,https://www.airbnb.com/rooms/1145430286098826789,Resort In Sylhet District ,Sylhet Division,Sylhet,24.931307,91.866998,"https://www.google.com/maps?q=24.931307,91.866998"
https://www.airbnb.com/rooms/43796972?adults=1&children=0&enable_m3_private_room=true&infants=0&pets=0&search_mode=regular_search&check_in=2024-06-19&check_out=2024-06-24&source_impression_id=p3_1718486058_P3VIzQsslKF-DpNp&previous_page_section_name=1000&federated_search_id=e15639e4-d2c5-4b22-8636-d2d986e0d3fd,https://www.airbnb.com/rooms/43796972,Villa In Sylhet ,Sylhet Division,South Surma,24.80681,91.85716,"https://www.google.com/maps?q=24.80681,91.85716"
https://www.airbnb.com/rooms/1152135454177267826?adults=1&children=0&enable_m3_private_room=true&infants=0&pets=0&search_mode=regular_search&check_in=2024-06-18&check_out=2024-06-23&source_impression_id=p3_1718486058_P3_O5sOfuTHIUALA&previous_page_section_name=1000&federated_search_id=e15639e4-d2c5-4b22-8636-d2d986e0d3fd,https://www.airbnb.com/rooms/1152135454177267826,Home In Sylhet ,Sylhet Division,Golabganj,24.87448,92.039797,"https://www.google.com/maps?q=24.87448,92.039797"
https://www.airbnb.com/rooms/40499174?adults=1&children=0&enable_m3_private_room=true&infants=0&pets=0&search_mode=regular_search&check_in=2024-06-16&check_out=2024-06-21&source_impression_id=p3_1718486058_P3vEx1P67gvHTBE8&previous_page_section_name=1000&federated_search_id=e15639e4-d2c5-4b22-8636-d2d986e0d3fd,https://www.airbnb.com/rooms/40499174,Rental Unit In Sylhet ,Sylhet Division,Sylhet,24.95306,91.8635,"https://www.google.com/maps?q=24.95306,91.8635"
https://www.airbnb.com/rooms/618368580136590834?adults=1&children=0&enable_m3_private_room=true&infants=0&pets=0&search_mode=regular_search&check_in=2024-06-16&check_out=2024-06-21&source_impression_id=p3_1718486058_P3uk44q-QqaWhWaj&previous_page_section_name=1000&federated_search_id=e15639e4-d2c5-4b22-8636-d2d986e0d3fd,https://www.airbnb.com/rooms/618368580136590834,Bungalow In Golapganj ,Sylhet Division,Golabganj,24.85842,92.01461,"https://www.google.com/maps?q=24.85842,92.01461"
https://www.airbnb.com/rooms/36102528?adults=1&children=0&enable_m3_private_room=true&infants=0&pets=0&search_mode=regular_search&check_in=2024-06-16&check_out=2024-06-21&source_impression_id=p3_1718486058_P3CskU6mhfIX1I4J&previous_page_section_name=1000&federated_search_id=e15639e4-d2c5-4b22-8636-d2d986e0d3fd,https://www.airbnb.com/rooms/36102528,Rental Unit In Sylhet Sadar Upazila ,Sylhet Division,Sylhet,24.9359,91.9835,"https://www.google.com/maps?q=24.9359,91.9835"
https://www.airbnb.com/rooms/868313558857269584?adults=1&children=0&enable_m3_private_room=true&infants=0&pets=0&search_mode=regular_search&check_in=2024-06-16&check_out=2024-06-21&source_impression_id=p3_1718486060_P3HuAm-EBkVpYMSJ&previous_page_section_name=1000&federated_search_id=2f2f5244-e838-4de0-af38-a256090d5a7b,https://www.airbnb.com/rooms/868313558857269584,Guesthouse In Nishen ,Sylhet Division,Golabganj,24.8154,92.0236,"https://www.google.com/maps?q=24.8154,92.0236"
https://www.airbnb.com/rooms/1023141116224036443?adults=1&children=0&enable_m3_private_room=true&infants=0&pets=0&search_mode=regular_search&check_in=2024-06-17&check_out=2024-06-22&source_impression_id=p3_1718486060_P3t-eUKFNoQrqlke&previous_page_section_name=1000&federated_search_id=2f2f5244-e838-4de0-af38-a256090d5a7b,https://www.airbnb.com/rooms/1023141116224036443,Rental Unit In সিলেট জেলা ,Sylhet Division,Sylhet,24.9542,91.8609,"https://www.google.com/maps?q=24.9542,91.8609"
https://www.airbnb.com/rooms/37000408?adults=1&children=0&enable_m3_private_room=true&infants=0&pets=0&search_mode=regular_search&check_in=2024-06-17&check_out=2024-06-22&source_impression_id=p3_1718486062_P3beaCUQ5lsJ9Jui&previous_page_section_name=1000&federated_search_id=59b65bef-fa36-4f0d-b136-525a47f33b86,https://www.airbnb.com/rooms/37000408,Rental Unit In Sylhet Sadar Upazila ,Sylhet Division,Sylhet,24.9555,91.8549,"https://www.google.com/maps?q=24.9555,91.8549"
https://www.airbnb.com/rooms/975418827566861168?adults=1&children=0&enable_m3_private_room=true&infants=0&pets=0&search_mode=regular_search&check_in=2024-06-16&check_out=2024-06-21&source_impression_id=p3_1718486062_P38FWwKi02HldiRW&previous_page_section_name=1000&federated_search_id=59b65bef-fa36-4f0d-b136-525a47f33b86,https://www.airbnb.com/rooms/975418827566861168,Home In Ghaterchoti ,Sylhet Division,Sylhet,24.931992,91.980894,"https://www.google.com/maps?q=24.931992,91.980894"
https://www.airbnb.com/rooms/43075185?adults=1&children=0&enable_m3_private_room=true&infants=0&pets=0&search_mode=regular_search&check_in=2024-06-17&check_out=2024-06-24&source_impression_id=p3_1718486063_P3o320BrfkhODipb&previous_page_section_name=1000&federated_search_id=59b65bef-fa36-4f0d-b136-525a47f33b86,https://www.airbnb.com/rooms/43075185,Home In Golapganj ,Sylhet Division,Golabganj,24.85014,92.02375,"https://www.google.com/maps?q=24.85014,92.02375"
https://www.airbnb.com/rooms/29481026?adults=1&category_tag=Tag%3A8678&children=0&enable_m3_private_room=true&infants=0&pets=0&photo_id=833255973&search_mode=regular_search&check_in=2024-06-16&check_out=2024-06-21&source_impression_id=p3_1718486063_P3sINKbX-xtW6wBS&previous_page_section_name=1000&federated_search_id=59b65bef-fa36-4f0d-b136-525a47f33b86,https://www.airbnb.com/rooms/29481026,Bungalow In Golapganj ,Sylhet Division,Golabganj,24.85689,92.01408,"https://www.google.com/maps?q=24.85689,92.01408"
https://www.airbnb.com/rooms/755131520964631244?adults=1&children=0&enable_m3_private_room=true&infants=0&pets=0&search_mode=regular_search&check_in=2024-06-23&check_out=2024-06-28&source_impression_id=p3_1718486065_P3pm6S5HjXePXSQC&previous_page_section_name=1000&federated_search_id=b94818ae-6166-46f7-aafe-023ff7dcbbb7,https://www.airbnb.com/rooms/755131520964631244,Villa In Sylhet District ,Sylhet Division,South Surma,24.80847,91.85665,"https://www.google.com/maps?q=24.80847,91.85665"
https://www.airbnb.com/rooms/550429177835566377?adults=1&category_tag=Tag%3A8678&children=0&enable_m3_private_room=true&infants=0&pets=0&photo_id=1330294544&search_mode=regular_search&check_in=2024-06-16&check_out=2024-06-21&source_impression_id=p3_1718486065_P3eI7Jd2-qq0LbHP&previous_page_section_name=1000&federated_search_id=b94818ae-6166-46f7-aafe-023ff7dcbbb7,https://www.airbnb.com/rooms/550429177835566377,Farm Stay In Sylhet ,Sylhet Division,Sylhet,24.96596,91.87834,"https://www.google.com/maps?q=24.96596,91.87834"
https://www.airbnb.com/rooms/1065014935392888340?adults=1&children=0&enable_m3_private_room=true&infants=0&pets=0&search_mode=regular_search&check_in=2024-06-17&check_out=2024-06-22&source_impression_id=p3_1718486065_P3elWXPvrVP0dIeD&previous_page_section_name=1000&federated_search_id=b94818ae-6166-46f7-aafe-023ff7dcbbb7,https://www.airbnb.com/rooms/1065014935392888340,Home In Sylhet District ,Sylhet Division,Sylhet,24.907361,91.93068,"https://www.google.com/maps?q=24.907361,91.93068"
https://www.airbnb.com/rooms/750031948780477980?adults=1&children=0&enable_m3_private_room=true&infants=0&pets=0&search_mode=regular_search&check_in=2024-06-16&check_out=2024-06-21&source_impression_id=p3_1718486065_P3opspuT6rZXhKri&previous_page_section_name=1000&federated_search_id=b94818ae-6166-46f7-aafe-023ff7dcbbb7,https://www.airbnb.com/rooms/750031948780477980,Bungalow In Sylhet ,Sylhet Division,South Surma,24.88605,91.83167,"https://www.google.com/maps?q=24.88605,91.83167"
https://www.airbnb.com/rooms/617267969546375129?adults=1&category_tag=Tag%3A8678&children=0&enable_m3_private_room=true&infants=0&pets=0&photo_id=1391188670&search_mode=regular_search&check_in=2024-06-16&check_out=2024-06-21&source_impression_id=p3_1718486065_P3dGLbSMCkd2qC_d&previous_page_section_name=1000&federated_search_id=b94818ae-6166-46f7-aafe-023ff7dcbbb7,https://www.airbnb.com/rooms/617267969546375129,Farm Stay In Sylhet District ,Sylhet Division,Sylhet,24.96679,91.8912,"https://www.google.com/maps?q=24.96679,91.8912"
https://www.airbnb.com/rooms/617308195562872775?adults=1&children=0&enable_m3_private_room=true&infants=0&pets=0&search_mode=regular_search&check_in=2024-06-16&check_out=2024-06-21&source_impression_id=p3_1718486065_P35KNGaBhsY0Y3NM&previous_page_section_name=1000&federated_search_id=b94818ae-6166-46f7-aafe-023ff7dcbbb7,https://www.airbnb.com/rooms/617308195562872775,Farm Stay In Sylhet District ,Sylhet Division,Sylhet,24.96822,91.89134,"https://www.google.com/maps?q=24.96822,91.89134"
https://www.airbnb.com/rooms/617292990803230197?adults=1&children=0&enable_m3_private_room=true&infants=0&pets=0&search_mode=regular_search&check_in=2024-06-16&check_out=2024-06-21&source_impression_id=p3_1718486067_P3L7t58MMvLJ3fps&previous_page_section_name=1000&federated_search_id=96cbb945-0822-4fe5-88b7-a9f4fa6cbe96,https://www.airbnb.com/rooms/617292990803230197,Farm Stay In Sylhet District ,Sylhet Division,Sylhet,24.96597,91.89244,"https://www.google.com/maps?q=24.96597,91.89244"
https://www.airbnb.com/rooms/1062274173850807081?adults=1&children=0&enable_m3_private_room=true&infants=0&pets=0&search_mode=regular_search&check_in=2024-06-17&check_out=2024-06-22&source_impression_id=p3_1718486067_P3NsjUiCrYCaX4tO&previous_page_section_name=1000&federated_search_id=96cbb945-0822-4fe5-88b7-a9f4fa6cbe96,https://www.airbnb.com/rooms/1062274173850807081,Home In Sylhet District ,Sylhet Division,Sylhet,24.9481,91.9721,"https://www.google.com/maps?q=24.9481,91.9721"
https://www.airbnb.com/rooms/16074753?adults=1&children=0&enable_m3_private_room=true&infants=0&pets=0&search_mode=regular_search&check_in=2024-06-16&check_out=2024-06-21&source_impression_id=p3_1718486067_P3pnyODofeTneFJS&previous_page_section_name=1000&federated_search_id=96cbb945-0822-4fe5-88b7-a9f4fa6cbe96,https://www.airbnb.com/rooms/16074753,Rental Unit In Sylhet ,Sylhet Division,Sylhet,24.91271,91.84914,"https://www.google.com/maps?q=24.91271,91.84914"
https://www.airbnb.com/rooms/945496374282021238?adults=1&category_tag=Tag%3A8678&children=0&enable_m3_private_room=true&infants=0&pets=0&photo_id=1724400450&search_mode=regular_search&check_in=2025-01-01&check_out=2025-01-06&source_impression_id=p3_1718486067_P3bmpfhNe016rJe7&previous_page_section_name=1000&federated_search_id=96cbb945-0822-4fe5-88b7-a9f4fa6cbe96,https://www.airbnb.com/rooms/945496374282021238,Home In Sylhet ,Sylhet Division,Sylhet,24.947,91.8605,"https://www.google.com/maps?q=24.947,91.8605"
https://www.airbnb.com/rooms/957288453529203366?adults=1&category_tag=Tag%3A8678&children=0&enable_m3_private_room=true&infants=0&pets=0&photo_id=1720822946&search_mode=regular_search&check_in=2024-06-17&check_out=2024-06-22&source_impression_id=p3_1718486070_P3-z1T1UQbfGhPfI&previous_page_section_name=1000&federated_search_id=e63206b9-0b4a-4931-9e42-214e97c18417,https://www.airbnb.com/rooms/957288453529203366,Rental Unit In Golapganj ,Sylhet Division,Golabganj,24.8172,92.0077,"https://www.google.com/maps?q=24.8172,92.0077"
https://www.airbnb.com/rooms/617313872056387216?adults=1&category_tag=Tag%3A8678&children=0&enable_m3_private_room=true&infants=0&pets=0&photo_id=1391232668&search_mode=regular_search&check_in=2024-06-16&check_out=2024-06-21&source_impression_id=p3_1718486070_P33klSyoVJe19fQe&previous_page_section_name=1000&federated_search_id=e63206b9-0b4a-4931-9e42-214e97c18417,https://www.airbnb.com/rooms/617313872056387216,Farm Stay In Sylhet District ,Sylhet Division,Sylhet,24.96657,91.89132,"https://www.google.com/maps?q=24.96657,91.89132"
https://www.airbnb.com/rooms/41075165?adults=1&children=0&enable_m3_private_room=true&infants=0&pets=0&search_mode=regular_search&check_in=2024-06-16&check_out=2024-06-21&source_impression_id=p3_1718486072_P3O0hgs81jxAX4Jm&previous_page_section_name=1000&federated_search_id=91d65ba8-ffdc-4148-86fb-9849b6092f76,https://www.airbnb.com/rooms/41075165,Resort In Sylhet ,Sylhet Division,Goyainghat,24.95383,92.01075,"https://www.google.com/maps?q=24.95383,92.01075"
https://www.airbnb.com/rooms/796248458352754225?adults=1&children=0&enable_m3_private_room=true&infants=0&pets=0&search_mode=regular_search&check_in=2024-06-16&check_out=2024-06-21&source_impression_id=p3_1718486098_P3wFBXA50zNq508p&previous_page_section_name=1000&federated_search_id=72d01a75-1e5c-4d84-a107-777536c79b55,https://www.airbnb.com/rooms/796248458352754225,Home In Nabiganj ,Sylhet Division,Nabiganj,24.5555,91.5426,"https://www.google.com/maps?q=24.5555,91.5426"
https://www.airbnb.com/rooms/52608184?adults=1&children=0&enable_m3_private_room=true&infants=0&pets=0&search_mode=regular_search&check_in=2024-06-16&check_out=2024-06-21&source_impression_id=p3_1718486098_P3nR5gg0uuZs-JHI&previous_page_section_name=1000&federated_search_id=72d01a75-1e5c-4d84-a107-777536c79b55,https://www.airbnb.com/rooms/52608184,Campsite In Moulvi Bazar District ,Sylhet Division,Kamalganj,24.34203,91.79862,"https://www.google.com/maps?q=24.34203,91.79862"
https://www.airbnb.com/rooms/837634624542629821?adults=1&children=0&enable_m3_private_room=true&infants=0&pets=0&search_mode=regular_search&check_in=2024-06-16&check_out=2024-06-21&source_impression_id=p3_1718486098_P3kS2Uz9N_N1J2uM&previous_page_section_name=1000&federated_search_id=72d01a75-1e5c-4d84-a107-777536c79b55,https://www.airbnb.com/rooms/837634624542629821,Resort In Sreemangal ,Sylhet Division,Srimangal,24.3472,91.74554,"https://www.google.com/maps?q=24.3472,91.74554"
https://www.airbnb.com/rooms/1139650557524801038?adults=1&category_tag=Tag%3A8678&children=0&enable_m3_private_room=true&infants=0&pets=0&photo_id=1888928191&search_mode=regular_search&check_in=2024-06-17&check_out=2024-06-22&source_impression_id=p3_1718486098_P3YA4ZUM--wohTvv&previous_page_section_name=1000&federated_search_id=72d01a75-1e5c-4d84-a107-777536c79b55,https://www.airbnb.com/rooms/1139650557524801038,Bed And Breakfast In Bahubal Upazila ,Sylhet Division,Bahubal,24.3007,91.5967,"https://www.google.com/maps?q=24.3007,91.5967"
https://www.airbnb.com/rooms/738163332178126546?adults=1&children=0&enable_m3_private_room=true&infants=0&pets=0&search_mode=regular_search&check_in=2024-06-16&check_out=2024-06-21&source_impression_id=p3_1718486098_P3ZYOhKmL5FjDNk4&previous_page_section_name=1000&federated_search_id=72d01a75-1e5c-4d84-a107-777536c79b55,https://www.airbnb.com/rooms/738163332178126546,Vacation Home In Sreemangal ,Sylhet Division,Srimangal,24.30933,91.72913,"https://www.google.com/maps?q=24.30933,91.72913"
https://www.airbnb.com/rooms/52315422?adults=1&category_tag=Tag%3A8678&children=0&enable_m3_private_room=true&infants=0&pets=0&photo_id=1255486423&search_mode=regular_search&check_in=2024-06-16&check_out=2024-06-21&source_impression_id=p3_1718486098_P33vIDAP8LSqbM3_&previous_page_section_name=1000&federated_search_id=72d01a75-1e5c-4d84-a107-777536c79b55,https://www.airbnb.com/rooms/52315422,Bed And Breakfast In Moulvi Bazar District ,Sylhet Division,Srimangal,24.29197,91.73839,"https://www.google.com/maps?q=24.29197,91.73839"
https://www.airbnb.com/rooms/24467075?adults=1&category_tag=Tag%3A8678&children=0&enable_m3_private_room=true&infants=0&pets=0&photo_id=480954456&search_mode=regular_search&check_in=2024-06-16&check_out=2024-06-21&source_impression_id=p3_1718486098_P3sPrc6hsHDtIzIk&previous_page_section_name=1000&federated_search_id=72d01a75-1e5c-4d84-a107-777536c79b55,https://www.airbnb.com/rooms/24467075,Bed And Breakfast In Sylhet ,Sylhet Division,Srimangal,24.31141,91.73324,"https://www.google.com/maps?q=24.31141,91.73324"
https://www.airbnb.com/rooms/869484612214553732?adults=1&children=0&enable_m3_private_room=true&infants=0&pets=0&search_mode=regular_search&check_in=2024-06-16&check_out=2024-06-21&source_impression_id=p3_1718486098_P36ilJMYvLwq6um1&previous_page_section_name=1000&federated_search_id=72d01a75-1e5c-4d84-a107-777536c79b55,https://www.airbnb.com/rooms/869484612214553732,Rental Unit In মৌলভীবাজার ,Sylhet Division,Maulavi Bazar,24.48917,91.75613,"https://www.google.com/maps?q=24.48917,91.75613"
https://www.airbnb.com/rooms/1084905709113130482?adults=1&children=0&enable_m3_private_room=true&infants=0&pets=0&search_mode=regular_search&check_in=2024-06-17&check_out=2024-06-22&source_impression_id=p3_1718486098_P3-OTpxuFiCIrpJZ&previous_page_section_name=1000&federated_search_id=72d01a75-1e5c-4d84-a107-777536c79b55,https://www.airbnb.com/rooms/1084905709113130482,Cabin In Sreemangal ,Sylhet Division,Srimangal,24.30914,91.73189,"https://www.google.com/maps?q=24.30914,91.73189"
https://www.airbnb.com/rooms/937283573415718397?adults=1&children=0&enable_m3_private_room=true&infants=0&pets=0&search_mode=regular_search&check_in=2024-06-16&check_out=2024-06-21&source_impression_id=p3_1718486098_P3l99GgU0-1VhdNi&previous_page_section_name=1000&federated_search_id=72d01a75-1e5c-4d84-a107-777536c79b55,https://www.airbnb.com/rooms/937283573415718397,Hotel In Sreemangal ,Sylhet Division,Srimangal,24.3059,91.7344,"https://www.google.com/maps?q=24.3059,91.7344"
https://www.airbnb.com/rooms/834584179652658572?adults=1&category_tag=Tag%3A8678&children=0&enable_m3_private_room=true&infants=0&pets=0&photo_id=1595191822&search_mode=regular_search&check_in=2024-06-16&check_out=2024-06-21&source_impression_id=p3_1718486098_P3QD-KSoM_x6VmNR&previous_page_section_name=1000&federated_search_id=72d01a75-1e5c-4d84-a107-777536c79b55,https://www.airbnb.com/rooms/834584179652658572,Home In Sylhet ,Sylhet Division,Srimangal,24.30797,91.7223,"https://www.google.com/maps?q=24.30797,91.7223"
https://www.airbnb.com/rooms/944842519453167579?adults=1&children=0&enable_m3_private_room=true&infants=0&pets=0&search_mode=regular_search&check_in=2024-06-17&check_out=2024-06-22&source_impression_id=p3_1718486098_P3uIvTfd2stJnAmc&previous_page_section_name=1000&federated_search_id=72d01a75-1e5c-4d84-a107-777536c79b55,https://www.airbnb.com/rooms/944842519453167579,Bed And Breakfast In Sylhet Division ,Sylhet Division,Srimangal,24.29321,91.739339,"https://www.google.com/maps?q=24.29321,91.739339"
https://www.airbnb.com/rooms/845080325882681026?adults=1&children=0&enable_m3_private_room=true&infants=0&pets=0&search_mode=regular_search&check_in=2024-06-16&check_out=2024-06-21&source_impression_id=p3_1718486098_P3HD4y7hqZpfr0JX&previous_page_section_name=1000&federated_search_id=72d01a75-1e5c-4d84-a107-777536c79b55,https://www.airbnb.com/rooms/845080325882681026,Hotel In Sreemangal ,Sylhet Division,Srimangal,24.30695,91.72904,"https://www.google.com/maps?q=24.30695,91.72904"
https://www.airbnb.com/rooms/24479957?adults=1&children=0&enable_m3_private_room=true&infants=0&pets=0&search_mode=regular_search&check_in=2024-06-16&check_out=2024-06-21&source_impression_id=p3_1718486098_P3DDwxHXH0_BKGS8&previous_page_section_name=1000&federated_search_id=72d01a75-1e5c-4d84-a107-777536c79b55,https://www.airbnb.com/rooms/24479957,Bed And Breakfast In Sylhet ,Sylhet Division,Srimangal,24.31109,91.7332,"https://www.google.com/maps?q=24.31109,91.7332"
https://www.airbnb.com/rooms/33549091?adults=1&children=0&enable_m3_private_room=true&infants=0&pets=0&search_mode=regular_search&check_in=2024-06-18&check_out=2024-06-25&source_impression_id=p3_1718486098_P3f7yjQptJCb2Q2W&previous_page_section_name=1000&federated_search_id=72d01a75-1e5c-4d84-a107-777536c79b55,https://www.airbnb.com/rooms/33549091,Bungalow In Sreemangal Upazila ,Sylhet Division,Srimangal,24.26418,91.7182,"https://www.google.com/maps?q=24.26418,91.7182"
https://www.airbnb.com/rooms/24338517?adults=1&children=0&enable_m3_private_room=true&infants=0&pets=0&search_mode=regular_search&check_in=2024-06-18&check_out=2024-06-23&source_impression_id=p3_1718486098_P3PK6ES8eux1XGJH&previous_page_section_name=1000&federated_search_id=72d01a75-1e5c-4d84-a107-777536c79b55,https://www.airbnb.com/rooms/24338517,Nature Lodge In Bahubal Upazila ,Sylhet Division,Bahubal,24.29694,91.59476,"https://www.google.com/maps?q=24.29694,91.59476"
https://www.airbnb.com/rooms/24463252?adults=1&category_tag=Tag%3A8678&children=0&enable_m3_private_room=true&infants=0&pets=0&photo_id=480855878&search_mode=regular_search&check_in=2024-06-16&check_out=2024-06-21&source_impression_id=p3_1718486098_P3SaagY6E3AnLwvK&previous_page_section_name=1000&federated_search_id=72d01a75-1e5c-4d84-a107-777536c79b55,https://www.airbnb.com/rooms/24463252,Bed And Breakfast In Sylhet ,Sylhet Division,Srimangal,24.31031,91.73265,"https://www.google.com/maps?q=24.31031,91.73265"
https://www.airbnb.com/rooms/35747350?adults=1&category_tag=Tag%3A8678&children=0&enable_m3_private_room=true&infants=0&pets=0&photo_id=782477836&search_mode=regular_search&check_in=2024-06-19&check_out=2024-06-24&source_impression_id=p3_1718486101_P31NJe69hXeaRhdw&previous_page_section_name=1000&federated_search_id=62af1f10-006f-4e77-b0f1-cae18e2367dc,https://www.airbnb.com/rooms/35747350,Bungalow In Moulvi Bazar District ,Sylhet Division,Srimangal,24.32794,91.73886,"https://www.google.com/maps?q=24.32794,91.73886"
https://www.airbnb.com/rooms/30884771?adults=1&children=0&enable_m3_private_room=true&infants=0&pets=0&search_mode=regular_search&check_in=2024-06-17&check_out=2024-06-22&source_impression_id=p3_1718486101_P3_Q_MmFPuTnCEiJ&previous_page_section_name=1000&federated_search_id=62af1f10-006f-4e77-b0f1-cae18e2367dc,https://www.airbnb.com/rooms/30884771,Villa In Moulvi Bazar District ,Sylhet Division,Maulavi Bazar,24.4314,91.76116,"https://www.google.com/maps?q=24.4314,91.76116"
https://www.airbnb.com/rooms/682490025079629783?adults=1&children=0&enable_m3_private_room=true&infants=0&pets=0&search_mode=regular_search&check_in=2024-06-16&check_out=2024-06-22&source_impression_id=p3_1718486111_P3kxP_66vDJXtSZA&previous_page_section_name=1000&federated_search_id=e586a46d-baae-4e76-8a52-8142652cdc44,https://www.airbnb.com/rooms/682490025079629783,Vacation Home In Habiganj District ,Sylhet Division,Nabiganj,24.5999,91.6095,"https://www.google.com/maps?q=24.5999,91.6095"
https://www.airbnb.com/rooms/1139664615102353038?adults=1&category_tag=Tag%3A8678&children=0&enable_m3_private_room=true&infants=0&pets=0&photo_id=1888934682&search_mode=regular_search&check_in=2024-06-17&check_out=2024-06-22&source_impression_id=p3_1718486111_P36zTRzbbYIpynfb&previous_page_section_name=1000&federated_search_id=e586a46d-baae-4e76-8a52-8142652cdc44,https://www.airbnb.com/rooms/1139664615102353038,Bed And Breakfast In Bahubal Upazila ,Sylhet Division,Bahubal,24.3007,91.5967,"https://www.google.com/maps?q=24.3007,91.5967"
https://www.airbnb.com/rooms/941811172666490065?adults=1&children=0&enable_m3_private_room=true&infants=0&pets=0&search_mode=regular_search&check_in=2024-06-16&check_out=2024-06-21&source_impression_id=p3_1718486111_P3lVWJxpMNZgei8r&previous_page_section_name=1000&federated_search_id=e586a46d-baae-4e76-8a52-8142652cdc44,https://www.airbnb.com/rooms/941811172666490065,Home In Nabiganj ,Sylhet Division,Nabiganj,24.5641,91.506,"https://www.google.com/maps?q=24.5641,91.506"
https://www.airbnb.com/rooms/878146874284477876?adults=1&children=0&enable_m3_private_room=true&infants=0&pets=0&search_mode=regular_search&check_in=2024-06-16&check_out=2024-06-21&source_impression_id=p3_1718486111_P3ExDQES4sH-EeRy&previous_page_section_name=1000&federated_search_id=e586a46d-baae-4e76-8a52-8142652cdc44,https://www.airbnb.com/rooms/878146874284477876,Home In Habiganj District ,Sylhet Division,Nabiganj,24.55815,91.54074,"https://www.google.com/maps?q=24.55815,91.54074"
https://www.airbnb.com/rooms/701365503325103412?adults=1&children=0&enable_m3_private_room=true&infants=0&pets=0&search_mode=regular_search&check_in=2024-06-16&check_out=2024-06-21&source_impression_id=p3_1718486126_P3jFBWBw4C856kj5&previous_page_section_name=1000&federated_search_id=45d5f5d4-ffcc-4aea-b2e0-408f3879d77f,https://www.airbnb.com/rooms/701365503325103412,Boat In Sunamganj ,Sylhet Division,Sunamganj,25.073,91.4029,"https://www.google.com/maps?q=25.073,91.4029"
https://www.airbnb.com/rooms/744787593273797274?adults=1&children=0&enable_m3_private_room=true&infants=0&pets=0&search_mode=regular_search&check_in=2024-06-16&check_out=2024-06-21&source_impression_id=p3_1718486126_P3YohOfVcGqfRcpR&previous_page_section_name=1000&federated_search_id=45d5f5d4-ffcc-4aea-b2e0-408f3879d77f,https://www.airbnb.com/rooms/744787593273797274,Boat In Sunamganj ,Sylhet Division,Sunamganj,25.0711,91.3885,"https://www.google.com/maps?q=25.0711,91.3885"
https://www.airbnb.com/rooms/52846799?adults=1&children=0&enable_m3_private_room=true&infants=0&pets=0&search_mode=regular_search&check_in=2024-06-16&check_out=2024-06-21&source_impression_id=p3_1718486127_P3-gjezvuWO6S1M0&previous_page_section_name=1000&federated_search_id=45d5f5d4-ffcc-4aea-b2e0-408f3879d77f,https://www.airbnb.com/rooms/52846799,Houseboat In Sunamganj District ,Sylhet Division,Tahirpur,25.12715,91.09804,"https://www.google.com/maps?q=25.12715,91.09804"
https://www.airbnb.com/rooms/1104787695833671760?adults=1&children=0&enable_m3_private_room=true&infants=0&pets=0&search_mode=regular_search&check_in=2024-06-17&check_out=2024-06-22&source_impression_id=p3_1718486127_P3d8HGMp5_35jw_0&previous_page_section_name=1000&federated_search_id=45d5f5d4-ffcc-4aea-b2e0-408f3879d77f,https://www.airbnb.com/rooms/1104787695833671760,Houseboat In Tahirpur ,Sylhet Division,Tahirpur,25.099,91.1755,"https://www.google.com/maps?q=25.099,91.1755"
https://www.airbnb.com/rooms/40237662?adults=1&children=0&enable_m3_private_room=true&infants=0&pets=0&search_mode=regular_search&check_in=2024-06-16&check_out=2024-06-21&source_impression_id=p3_1718486127_P3UPh2zGQ1-e8Bwn&previous_page_section_name=1000&federated_search_id=45d5f5d4-ffcc-4aea-b2e0-408f3879d77f,https://www.airbnb.com/rooms/40237662,Bungalow In Sunamganj District ,Sylhet Division,Sunamganj,24.92797,91.44699,"https://www.google.com/maps?q=24.92797,91.44699"
https://www.airbnb.com/rooms/1000817136307055003?adults=1&children=0&enable_m3_private_room=true&infants=0&pets=0&search_mode=regular_search&check_in=2024-06-17&check_out=2024-06-22&source_impression_id=p3_1718486127_P335AZxb3glyIvaA&previous_page_section_name=1000&federated_search_id=45d5f5d4-ffcc-4aea-b2e0-408f3879d77f,https://www.airbnb.com/rooms/1000817136307055003,Boat In Sylhet ,Sylhet Division,Sunamganj,25.0872,91.4052,"https://www.google.com/maps?q=25.0872,91.4052"
https://www.airbnb.com/rooms/16504512?adults=1&category_tag=Tag%3A8678&children=0&enable_m3_private_room=true&infants=0&pets=0&photo_id=679104802&search_mode=regular_search&check_in=2024-06-16&check_out=2024-06-21&source_impression_id=p3_1718486127_P3K8Txh7xb9xOjjp&previous_page_section_name=1000&federated_search_id=45d5f5d4-ffcc-4aea-b2e0-408f3879d77f,https://www.airbnb.com/rooms/16504512,Guest Suite In Sunamganj District ,Sylhet Division,Sunamganj,24.92231,91.44402,"https://www.google.com/maps?q=24.92231,91.44402"
